id_ponto,sequencia,localizacao,endereco,barramento,latitude,longitude,bairro,tipo_luminaria,tipo_de_poste,tipo_lampada,potencia,consumo_esperado,consumo_medido,variacao_percentual,alerta
0,3.0,Travessa,3 PROFESSOR JOAQUIM AMAZONAS,B081281,-8.097447,-34.961749,Barro,LUMINARIA ABERTA,POSTE COMUM,LED,70,24,21.25565801671474,-11.434758263688583,Alerta
264213527,1.0,Rua,RUA LUIZ PIMENTEL,B008552,-8.137553,-34.906938,Boa Viagem,LUMINARIA FECHADA,POSTE COMUM,LED,70,24,11.328842695744465,-52.7964887677314,Alerta de lâmpada com defeito
264214619,2.0,Rua,RAUL AZEDO,B003121,-8.103363,-34.887153,Boa Viagem,LUMINARIA FECHADA,POSTE COMUM,LED,70,24,4.490592308442629,-81.28919871482238,Alerta de lâmpada com defeito
264214669,2.0,Avenida,AVENIDA CONSELHEIRO AGUIAR,B004071,-8.123689,-34.898645,Boa Viagem,LUMINARIA FECHADA,POSTE COMUM,LED,115,39,52.878150824607125,35.58500211437725,Alerta
264214835,2.0,Rua,RUA VERDES MARES,B089214,-8.135537,-34.901481,Boa Viagem,LUMINARIA FECHADA,POSTE COMUM,LED,70,24,7.423890837719252,-69.06712150950311,Alerta de lâmpada com defeito
264215307,2.0,Rua,RIO AMAZONIA,B060007,-8.112812,-34.918458,Ipsep,LUMINARIA ABERTA,POSTE COMUM,LED,96,33,40.28881261932205,22.08731096764258,Alerta
264215344,2.0,Rua,VALE DO CARIRI,H028552,-8.133986,-34.950258,Cohab,LUMINARIA FECHADA,POSTE COMUM,LED,90,31,11.788840320192968,-61.9714828380872,Alerta de lâmpada com defeito
264215419,2.0,Rua,PROFESSSOR PEDRO AUGUSTO CARNEIRO LEAO,B007586,-8.119169,-34.9097,Imbiribeira,LUMINARIA FECHADA,POSTE COMUM,LED,96,33,59.45731049985538,80.17366818137994,Alerta de possível roubo de energia
264216042,3.0,Rua,RUA DOS NAVEGANTES,B006910,-8.127954,-34.898954,Boa Viagem,LUMINARIA FECHADA,POSTE COMUM,LED,70,24,13.943438780546892,-41.902338414387955,Alerta
264216913,3.0,Avenida,ARQUITETO LUIZ NUNES,B059921,-8.095066,-34.911537,Imbiribeira,LUMINARIA FECHADA,POSTE COMUM,LED,96,33,46.26680011473171,40.202424590096086,Alerta
264217289,4.0,Rua,RUA JOAO PAES,B004699,-8.126831,-34.899987,Boa Viagem,LUMINARIA FECHADA,POSTE COMUM,LED,96,33,43.939694612003606,33.15058973334426,Alerta
264217388,4.0,Rodovia,VIA MANGUE PISTA OESTE - PINA,H017622D,-8.105163,-34.891231,Pina,PÉTALA,POSTE CIRCULAR,LED,55,18,28.112906378483014,56.182813213794525,Alerta de possível roubo de energia
264217477,4.0,Rua,IZABEL MAGALHAES,B008043,-8.139037,-34.905915,Boa Viagem,LUMINARIA FECHADA,POSTE COMUM,LED,70,24,26.43771813737335,10.157158905722286,Alerta
264217519,4.0,Avenida,MAL. JUAREZ TAVORA,B010140D,-8.140369,-34.911628,Boa Viagem,PÉTALA,POSTE CIRCULAR,LED,150,51,99.9065876362474,95.8952698749949,Alerta de possível roubo de energia
264217806,4.0,Rua,ENGENHO ARAGUARA,B050002D,-8.115127,-34.950426,Cohab,LUMINARIA FECHADA,POSTE COMUM,LED,30,10,19.44232501498197,94.42325014981972,Alerta de possível roubo de energia
264217957,4.0,Rua,VALPARAISO,B038705,-8.120411,-34.948553,Cohab,LUMINARIA FECHADA,POSTE COMUM,LED,40,13,25.30922009022812,94.68630838637016,Alerta de possível roubo de energia
264218112,4.0,Rua,1TRAVESSA LISBOA,B064689,-8.103422,-34.915396,Imbiribeira,LUMINARIA FECHADA,POSTE COMUM,LED,70,24,36.512588298480026,52.13578457700011,Alerta de possível roubo de energia
264218204,4.0,Rua,EXPEDICIONARIO FRANCISCO VITORIANO,B034209D,-8.133176,-34.948617,Cohab,PÉTALA,POSTE COMUM,LED,90,31,59.57774813960114,92.186284321294,Alerta de possível roubo de energia
264218362,4.0,Rua,MARIA ADELAIDE CASTELO BRANCO,B038767D,-8.124207,-34.949156,Cohab,LUMINARIA FECHADA,POSTE COMUM,LED,70,24,46.567379748765205,94.03074895318836,Alerta de possível roubo de energia
264218386,5.0,Rua,CAPITAO REBELINHO,B001278,-8.094531,-34.883841,Pina,LUMINARIA FECHADA,POSTE COMUM,LED,96,33,37.51655216666641,13.686521717170933,Alerta
264218840,5.0,Rua,PROFESSORA ARCELINA CAMARA,B048823,-8.137051,-34.934828,Jordão,LUMINARIA FECHADA,POSTE COMUM,LED,40,13,1.1466038619804202,-91.17997029245831,Alerta de lâmpada com defeito
264219734,6.0,Avenida,HERCULANO BANDEIRA,B010253,-8.09093,-34.883082,Pina,LUMINARIA FECHADA,POSTE COMUM,LED,96,33,1.1928832409859602,-96.38520230004255,Alerta de lâmpada com defeito
264219959,6.0,Avenida,MAL. JUAREZ TAVORA,B012344,-8.142466,-34.912835,Boa Viagem,LUMINARIA FECHADA,POSTE COMUM,LED,90,31,20.91490386706206,-32.532568170767554,Alerta
264220009,6.0,Rua,BELO ORIENTE,B048827,-8.138232,-34.934288,Jordão,LUMINARIA FECHADA,POSTE COMUM,LED,40,13,21.758184393291224,67.37064917916325,Alerta de possível roubo de energia
264220086,6.0,Rua,PURILANDIA,B048391,-8.123387,-34.957462,Cohab,LUMINARIA FECHADA,POSTE COMUM,LED,70,24,4.9274571392118744,-79.4689285866172,Alerta de lâmpada com defeito
264220447,6.0,Rua,RIO PIAUI,B049018,-8.115799,-34.948203,Cohab,LUMINARIA FECHADA,POSTE COMUM,LED,30,10,4.876489229029339,-51.235107709706604,Alerta de lâmpada com defeito
264220459,6.0,Rua,ITAIMBE,B059531,-8.107339,-34.918897,Ipsep,LUMINARIA ABERTA,POSTE COMUM,LED,70,24,33.77849259012587,40.743719125524464,Alerta
264220531,6.0,Rua,ITACARE,B063920,-8.110821,-34.915738,Imbiribeira,LUMINARIA FECHADA,POSTE COMUM,LED,96,33,37.77196471619262,14.460499139977637,Alerta
264220705,6.0,Travessa,VERIADOR SERGIO GODOI,B028977,-8.118281,-34.948129,Cohab,LUMINARIA FECHADA,POSTE COMUM,LED,50,17,5.219006594275594,-69.29996121014356,Alerta de lâmpada com defeito
264221063,7.0,Avenida,AV BOA VIAGEM,B012116D,-8.153349,-34.908604,Boa Viagem,REFLETOR,POSTE CIRCULAR,LED,287,98,15.830563238221316,-83.84636404263131,Alerta de lâmpada com defeito
264221736,7.0,Rua,JACY,B029346,-8.108757,-34.910915,Imbiribeira,LUMINARIA FECHADA,POSTE COMUM,LED,96,33,6.297485523768955,-80.91671053403347,Alerta de lâmpada com defeito
264221903,7.0,Rua,UIRAUNA,C035033D,-8.131504,-34.94346,Ibura,LUMINARIA FECHADA,POSTE COMUM,LED,50,17,27.680071681998676,62.82395107058045,Alerta de possível roubo de energia
264222051,8.0,Praca,MARCANTONIO VILACA,B002329D,-8.099343,-34.889246,Pina,PÉTALA,POSTE COMUM,LED,70,24,15.07489727311358,-37.18792802869342,Alerta
264222384,8.0,Rua,SANTA LEOPOLDINA,B029222,-8.117569,-34.939681,Ibura,LUMINARIA FECHADA,POSTE COMUM,LED,70,24,3.7767701568366725,-84.26345767984719,Alerta de lâmpada com defeito
264222667,8.0,Rua,DOUTOR GONZAGA MARANHAO,B048293,-8.11,-34.920126,Ipsep,LUMINARIA ABERTA,POSTE COMUM,LED,70,24,29.522713245479345,23.011305189497268,Alerta
264223002,8.0,Rua,MARIA EMILIA CAVALCANTI,B038947,-8.132878,-34.948027,Cohab,LUMINARIA FECHADA,POSTE COMUM,LED,70,24,17.886751848582556,-25.471867297572686,Alerta
264223053,9.0,Rua,BOAVENTURA RODRIGUES,B002059,-8.094916,-34.887662,Pina,LUMINARIA FECHADA,POSTE COMUM,LED,72,24,3.107614195538524,-87.05160751858948,Alerta de lâmpada com defeito
264223140,9.0,Rua,MELKEN RIBEIRRO ROMA,B010271,-8.088595,-34.887928,Pina,LUMINARIA FECHADA,POSTE COMUM,LED,70,24,38.874777561559995,61.978239839833314,Alerta de possível roubo de energia
264223302,9.0,Avenida,MAL. MASCARENHAS DE MORAIS,B029035D,-8.136529,-34.916525,Boa Viagem,PÉTALA,POSTE CIRCULAR,LED,120,41,5.049002149748084,-87.68536061037052,Alerta de lâmpada com defeito
264223481,9.0,Praca,AXE,B041148D,-8.11649,-34.95363,Cohab,REFLETOR,POSTE CIRCULAR,LED,120,41,72.55821218806511,76.97124923918321,Alerta de possível roubo de energia
264223497,9.0,Rua,SARGENTO RUBENS LEITE,B042645,-8.127486,-34.945756,Cohab,LUMINARIA FECHADA,POSTE COMUM,LED,45,15,29.233261267946375,94.88840845297584,Alerta de possível roubo de energia
264223523,9.0,Travessa,DONA CARENTINA,C030714,-8.136324,-34.938952,Jordão,LUMINARIA FECHADA,POSTE COMUM,LED,30,10,16.19436820597625,61.94368205976251,Alerta de possível roubo de energia
264223655,9.0,Rua,SIDERAL,B012030,-8.138843,-34.910314,Boa Viagem,LUMINARIA FECHADA,POSTE COMUM,LED,96,33,19.90822640155092,-39.67204120742146,Alerta
264224174,10.0,Avenida,AVENIDA BOA VIAGEM,B006391D,-8.112939,-34.890575,Boa Viagem,REFLETOR,POSTE CIRCULAR,LED,305,105,53.14330672567427,-49.387326927929266,Alerta
264224517,10.0,Avenida,ENGENHO MURIBARA,B048785,-8.112659,-34.94996,Cohab,LUMINARIA FECHADA,POSTE COMUM,LED,105,36,13.292059416950156,-63.077612730694014,Alerta de lâmpada com defeito
264225284,11.0,Avenida,AVENIDA DESEMBARGADOR JOSE NEVES,B006978,-8.12611,-34.909688,Boa Viagem,LUMINARIA FECHADA,POSTE COMUM,LED,70,24,14.544131974382822,-39.39945010673824,Alerta
264225530,11.0,Praca,RAUL SOARES,B042278D,-8.123108,-34.943963,Cohab,GLOBO,POSTE COMUM,LED,75,25,44.08787667052114,76.35150668208456,Alerta de possível roubo de energia
264225760,11.0,Rua,CONTINETAL,B029159,-8.134527,-34.948388,Cohab,LUMINARIA FECHADA,POSTE COMUM,LED,45,15,10.091725390681942,-32.721830728787054,Alerta
264225848,11.0,Rua,DN ANASTACIA,B938987,-8.130649,-34.945676,Cohab,LUMINARIA FECHADA,POSTE COMUM,LED,70,24,9.320786999292222,-61.16338750294907,Alerta de lâmpada com defeito
264225884,11.0,Rua,IZAURA GOMES,B048460,-8.111518,-34.952946,Cohab,LUMINARIA FECHADA,POSTE COMUM,LED,50,17,19.41683578311495,14.216681077146772,Alerta
264226016,12.0,Rua,RUA DOS NAVEGANTES,B012694,-8.118484,-34.894891,Boa Viagem,LUMINARIA FECHADA,POSTE COMUM,LED,70,24,9.126735840644907,-61.97193399731289,Alerta de lâmpada com defeito
264226196,12.0,Travessa,QUARTA TRAVESSA JORGE COUCEIRO DA COSTA EIRAS,B007052,-8.121355,-34.909124,Boa Viagem,LUMINARIA FECHADA,POSTE COMUM,LED,45,15,11.554014869997863,-22.97323420001425,Alerta
264226316,12.0,Rua,PIRACICABA,C356867,-8.110647,-34.946066,Ibura,LUMINARIA FECHADA,POSTE COMUM,LED,40,13,0.605384948396182,-95.34319270464475,Alerta de lâmpada com defeito
264226360,12.0,Rua,JOAO RAMALHO,B059810D,-8.117972,-34.918476,Imbiribeira,REFLETOR,POSTE COMUM,LED,120,41,73.32796280678521,78.84868977264685,Alerta de possível roubo de energia
264226507,12.0,Rua,RUA ITAIMBE,B059512,-8.105784,-34.917144,Ipsep,LUMINARIA FECHADA,POSTE COMUM,LED,70,24,44.905062999714836,87.10442916547848,Alerta de possível roubo de energia
264226591,12.0,Avenida,SUL,B028873,-8.115764,-34.910793,Imbiribeira,LUMINARIA FECHADA,POSTE COMUM,LED,96,33,49.07724803124327,48.71893342800991,Alerta
264226715,12.0,Rua,MATEIRA,C033655D,-8.131703,-34.945234,Ibura,LUMINARIA FECHADA,POSTE COMUM,LED,30,10,12.168823624570315,21.688236245703152,Alerta
264227156,13.0,Avenida,VINTE E TRES DE OUTUBRO,B010194,-8.13358,-34.914236,Boa Viagem,LUMINARIA FECHADA,POSTE COMUM,LED,115,39,24.644708333687824,-36.80844017003122,Alerta
264227714,14.0,Rua,PROFESSOR JOSE CONSTANTINO,C032594,-8.141165,-34.933322,Jordão,LUMINARIA FECHADA,POSTE COMUM,LED,70,24,42.47203824411179,76.96682601713248,Alerta de possível roubo de energia
264228025,14.0,Rua,PROFESSSOR PEDRO AUGUSTO CARNEIRO LEAO,B024434,-8.115426,-34.908863,Imbiribeira,LUMINARIA FECHADA,POSTE COMUM,LED,96,33,56.544521897051105,71.34703605167002,Alerta de possível roubo de energia
264228161,14.0,Rua,R. SRG. SILVIO DELMAR HOLEMBACH,B020111,-8.104822,-34.90938,Imbiribeira,LUMINARIA FECHADA,POSTE COMUM,LED,70,24,6.506517822641669,-72.88950907232638,Alerta de lâmpada com defeito
264228181,14.0,Rua,ESDRAS FARIAS,B059648,-8.103476,-34.925121,Ipsep,LUMINARIA FECHADA,POSTE COMUM,LED,50,17,25.495005978150832,49.97062340088725,Alerta
264228288,15.0,Avenida,ANTONIO DE GOES,B006250D,-8.088444,-34.883703,Pina,LUMINARIA FECHADA,POSTE CIRCULAR,LED,150,51,27.502307326821743,-46.07390720231031,Alerta
264228312,15.0,Avenida,AV BOA VIAGEM,B001566D,-8.101904,-34.884968,Boa Viagem,REFLETOR,POSTE CIRCULAR,LED,305,105,57.133369070513844,-45.58726755189157,Alerta
264228341,15.0,Rua,RUA BARAO DE SOUZA LEAO,B012149D,-8.132236,-34.900682,Boa Viagem,REFLETOR,POSTE CIRCULAR,VAPOR METALICO,400,150,28.915644776848865,-80.72290348210076,Alerta de lâmpada com defeito
264228369,15.0,Rua,RUA VISCONDE DE JIQUITINHONHA,B004694D,-8.12976,-34.902214,Boa Viagem,GLOBO,POSTE CIRCULAR,LED,75,25,48.01074476871054,92.04297907484215,Alerta de possível roubo de energia
264228447,15.0,Avenida,AVENIDA DESEMBARGADOR JOSE NEVES,B006980D,-8.124956,-34.909673,Boa Viagem,PÉTALA,POSTE CIRCULAR,LED,150,51,4.803221716654228,-90.58191820263876,Alerta de lâmpada com defeito
264228527,15.0,Rua,DENDE,H010252,-8.117782,-34.936693,Ibura,LUMINARIA FECHADA,POSTE COMUM,LED,40,13,17.721004455035647,36.315418884889596,Alerta
264228555,15.0,Rua,DO CAMPO,B049349,-8.124494,-34.954897,Cohab,LUMINARIA FECHADA,POSTE COMUM,LED,50,17,28.18486405787926,65.79331798752506,Alerta de possível roubo de energia
264228758,15.0,Rua,SENADOR POMPEU,B028274D,-8.115156,-34.929145,Ibura,LUMINARIA FECHADA,POSTE COMUM,LED,40,13,18.44001044624889,41.84623420191455,Alerta
264228786,15.0,Rua,ANTONIO CARDOSO DA FONTE,B060676,-8.098328,-34.916722,Imbiribeira,LUMINARIA FECHADA,POSTE COMUM,LED,96,33,14.869948322412426,-54.93955053814417,Alerta de lâmpada com defeito
264228833,15.0,Rua,R. ARTUR MOURA,B020190,-8.105404,-34.908801,Imbiribeira,LUMINARIA FECHADA,POSTE COMUM,LED,55,18,9.98524427311037,-44.526420704942396,Alerta
264229000,16.0,Rodovia,VIA MANGUE PISTA OESTE - PINA,H019262D,-8.099071,-34.890324,Pina,LUMINARIA FECHADA,POSTE CIRCULAR,LED,186,64,104.74314406756146,63.66116260556478,Alerta de possível roubo de energia
264229003,16.0,Avenida,AV DOMINGOS FERREIRA,B007402D,-8.129593,-34.901991,Boa Viagem,LUMINARIA FECHADA,POSTE CIRCULAR,LED,150,51,34.00919856771184,-33.31529692605521,Alerta
264229258,16.0,Rua,ALEXANDRE ALMEIDA,B060960,-8.118295,-34.921623,Ipsep,LUMINARIA ABERTA,POSTE COMUM,LED,96,33,19.305806387814414,-41.49755640056238,Alerta
264229408,16.0,Rua,RUA NOSSA SENHORA DO CARMO - IMBIRIBEIRA,H017302D,-8.102692,-34.91842,Imbiribeira,LUMINARIA FECHADA,POSTE COMUM,LED,50,17,6.73953323856292,-60.35568683198282,Alerta de lâmpada com defeito
264229444,16.0,Rua,ZEFERINO PINHO,B059949,-8.097632,-34.911406,Imbiribeira,LUMINARIA FECHADA,POSTE COMUM,LED,96,33,0.1139133468662692,-99.65480803979918,Alerta de lâmpada com defeito
264230096,18.0,Rua,JOAO BANDEIRA DE MELO,B010733,-8.095812,-34.888111,Pina,LUMINARIA ABERTA,POSTE COMUM,LED,55,18,19.80348006179878,10.019333676659887,Alerta
264230718,19.0,Rua,PROFESSOR AURELIO DE CASTRO CAVALCANTI,B012002,-8.141568,-34.912469,Boa Viagem,LUMINARIA FECHADA,POSTE COMUM,LED,115,39,48.96489855519519,25.551021936397927,Alerta
264231036,19.0,Rua,PROFESSOR JOSE VICENTE,B059110,-8.104769,-34.924766,Ipsep,LUMINARIA FECHADA,POSTE COMUM,LED,80,27,41.042162786729804,52.0080103212215,Alerta de possível roubo de energia
264231256,20.0,Passarela,CENTENARIO DA ABOLICAO,H010592D,-8.116737,-34.937942,Ibura,LUMINARIA FECHADA,POSTE COMUM,LED,40,13,18.50813589584283,42.37027612186793,Alerta
264231580,21.0,Rua,RUA DOM JOAO VI,H016631D,-8.114961,-34.903164,Boa Viagem,LUMINARIA FECHADA,POSTE CIRCULAR,LED,150,51,7.309824044523076,-85.66701167740574,Alerta de lâmpada com defeito
264231992,22.0,Avenida,MAL. JUAREZ TAVORA,B012648D,-8.139526,-34.909326,Boa Viagem,PÉTALA,POSTE CIRCULAR,LED,150,51,75.74010067156765,48.510001316799304,Alerta
264231996,22.0,Avenida,LINO JORDAO,B012080,-8.141597,-34.916206,Boa Viagem,LUMINARIA FECHADA,POSTE COMUM,LED,30,10,7.054353588050963,-29.456464119490366,Alerta
264232077,22.0,Rua,IARA,B042142,-8.121825,-34.951984,Cohab,LUMINARIA FECHADA,POSTE COMUM,LED,50,17,2.482226093772111,-85.39867003663464,Alerta de lâmpada com defeito
264232721,24.0,Avenida,SANTOS,B041419,-8.114544,-34.95504,Cohab,LUMINARIA FECHADA,POSTE COMUM,LED,90,31,57.53716743644032,85.60376592400102,Alerta de possível roubo de energia
264232723,24.0,Rua,DA AMAZONIA,B041867,-8.112572,-34.953549,Cohab,LUMINARIA FECHADA,POSTE COMUM,LED,50,17,28.5826955438394,68.13350319905528,Alerta de possível roubo de energia
264232990,25.0,Rua,RUA DOM JOAO VI,B012457D,-8.116598,-34.904992,Imbiribeira,LUMINARIA FECHADA,POSTE CIRCULAR,LED,150,51,12.192247609628751,-76.09363213798284,Alerta de lâmpada com defeito
264233007,25.0,Rua,DA PROSPERIDADE,H010531,-8.118004,-34.935392,Ibura,LUMINARIA FECHADA,POSTE COMUM,LED,70,24,4.320112428612504,-81.9995315474479,Alerta de lâmpada com defeito
264233101,25.0,Rua,CONDE DE ALEGRETE,B010613,-8.113225,-34.906401,Imbiribeira,LUMINARIA FECHADA,POSTE COMUM,LED,96,33,60.03734880328612,81.93136000995794,Alerta de possível roubo de energia
264233353,26.0,Avenida,MAL. MASCARENHAS DE MORAIS,B060533,-8.100868,-34.910249,Imbiribeira,LUMINARIA FECHADA,POSTE COMUM,LED,120,41,72.92243205853542,77.85959038667175,Alerta de possível roubo de energia
264233885,29.0,Rodovia,VIA MANGUE PISTA OESTE - PINA,H019526D,-8.089628,-34.892068,Pina,LUMINARIA FECHADA,POSTE CIRCULAR,LED,186,64,123.18490272682817,92.47641051066901,Alerta de possível roubo de energia
264234304,31.0,Rua,ILHEUS,B042315D,-8.121095,-34.953425,Cohab,LUMINARIA FECHADA,POSTE COMUM,LED,40,13,3.798834733737916,-70.77819435586218,Alerta de lâmpada com defeito
264234571,33.0,Rodovia,VIA MANGUE PISTA OESTE - PINA,H017622D,-8.107363,-34.893831,Boa Viagem,PÉTALA,POSTE CIRCULAR,LED,186,64,118.84301311228353,85.69220798794302,Alerta de possível roubo de energia
264235054,37.0,Rua,DA PROSPERIDADE,H010566,-8.119652,-34.934851,Ibura,LUMINARIA FECHADA,POSTE COMUM,LED,70,24,1.6640290537752591,-93.06654560926975,Alerta de lâmpada com defeito
264235169,38.0,Rua,R. CAMPANHA,B064671,-8.10328,-34.920703,Imbiribeira,LUMINARIA FECHADA,POSTE COMUM,LED,70,24,16.767576850679465,-30.13509645550223,Alerta
264235271,40.0,Rua,DEOLINDO TAVARES,B063568,-8.08668,-34.911327,Imbiribeira,LUMINARIA FECHADA,POSTE COMUM,LED,96,33,11.035336696873298,-66.5595857670506,Alerta de lâmpada com defeito
264235533,44.0,Rua,R. ITACAMBIRA,B048242D,-8.105584,-34.919672,Ipsep,REFLETOR,POSTE CIRCULAR,LED,50,17,29.998916615473156,76.46421538513621,Alerta de possível roubo de energia
264235650,47.0,Rua,DOUTOR CESAR MONTEZUMA,B038188,-8.129121,-34.950812,Cohab,LUMINARIA FECHADA,POSTE COMUM,LED,90,31,2.236751816985201,-92.78467155811225,Alerta de lâmpada com defeito
264236107,86.0,Rodovia,VIA MANGUE PISTA OESTE - PINA,H017622D,-8.099556,-34.889634,Pina,PÉTALA,POSTE CIRCULAR,LED,55,18,30.31938157714308,68.44100876190599,Alerta de possível roubo de energia
264282486,1.0,Rua,SAO MIGUEL,B082651,-8.084522,-34.927532,Jiquiá,LUMINARIA FECHADA,POSTE COMUM,LED,72,24,46.3590351997498,93.16264666562417,Alerta de possível roubo de energia
264282503,1.0,Rua,FRANCISCO UCHOA,B065175,-8.082049,-34.90679,Afogados,LUMINARIA FECHADA,POSTE COMUM,LED,96,33,2.207199670825311,-93.31151614901421,Alerta de lâmpada com defeito
264282832,1.0,Rua,PEDRO BOULITREAU,B062333,-8.074096,-34.930827,San Martin,LUMINARIA FECHADA,POSTE COMUM,LED,40,13,2.7138449672622595,-79.12426948259801,Alerta de lâmpada com defeito
264283189,1.0,Rua,MEDINA,B051800,-8.076171,-34.92306,Mangueira,LUMINARIA FECHADA,POSTE COMUM,LED,70,24,19.03726939220178,-20.678044199159253,Alerta
264283410,2.0,Rua,PAULOPOLIS,B072531,-8.080941,-34.952419,Jardim São Paulo,LUMINARIA FECHADA,POSTE COMUM,LED,70,24,39.86722662553046,66.1134442730436,Alerta de possível roubo de energia
264283492,2.0,Rua,OLIMPIO COSTA,B069721,-8.096482,-34.938765,Areias,LUMINARIA FECHADA,POSTE COMUM,LED,70,24,30.207547488660047,25.864781202750198,Alerta
264283507,2.0,Rua,IPOJUCA,H026714,-8.094319,-34.936103,Areias,LUMINARIA FECHADA,POSTE COMUM,LED,70,24,33.02319440911304,37.596643371304324,Alerta
264284020,3.0,Rua,TEOFILO OTONI,B069003,-8.090354,-34.944239,Barro,LUMINARIA FECHADA,POSTE COMUM,LED,70,24,14.137849324986767,-41.092294479221806,Alerta
264284068,3.0,Avenida,SAO PAULO,B061500,-8.078152,-34.941515,Jardim São Paulo,LUMINARIA FECHADA,POSTE COMUM,LED,96,33,38.17709480571816,15.688166077933827,Alerta
264284527,3.0,Rua,METORIO MARANHAO,B061197,-8.081257,-34.938923,Jardim São Paulo,LUMINARIA FECHADA,POSTE COMUM,LED,70,24,18.289503903915428,-23.79373373368572,Alerta
264284752,4.0,Rua,MATELANDIA,B069019,-8.089848,-34.946063,Barro,LUMINARIA FECHADA,POSTE COMUM,LED,70,24,11.178577640593222,-53.42259316419491,Alerta de lâmpada com defeito
264285382,4.0,Rua,ESTR. DO BONGI,B043378,-8.065905,-34.91449,Bongi,LUMINARIA FECHADA,POSTE COMUM,LED,115,39,18.40452593309063,-52.80890786387018,Alerta de lâmpada com defeito
264285495,5.0,Rodovia,GOVERNADO MARIO COVAS BR 101,B072093D,-8.086444,-34.946289,Jardim São Paulo,PÉTALA,POSTE COMUM,VAPOR DE SODIO,250,94,137.50242024799456,46.27917047658997,Alerta
264286012,5.0,Rua,RUA CAQUETA,B051787,-8.07941,-34.923406,Jiquiá,LUMINARIA FECHADA,POSTE COMUM,LED,70,24,20.649017487966574,-13.962427133472607,Alerta
264286150,6.0,Rua,SANTO CRISTO,B073154,-8.082187,-34.915341,Afogados,LUMINARIA FECHADA,POSTE COMUM,LED,72,24,16.710201851277212,-30.374158953011616,Alerta
264286256,6.0,Rua,GERSON GOMES FERRAZ,B071106,-8.082296,-34.94838,Jardim São Paulo,LUMINARIA ABERTA,POSTE COMUM,LED,70,24,44.825116325798575,86.77131802416072,Alerta de possível roubo de energia
264286373,6.0,Avenida,IZABEL DE GOES,B070507,-8.092593,-34.932522,Areias,LUMINARIA FECHADA,POSTE COMUM,LED,96,33,9.498011920915314,-71.21814569419602,Alerta de lâmpada com defeito
264286494,6.0,Travessa,POTIRAGUA,B022210,-8.069554,-34.907779,Afogados,LUMINARIA FECHADA,POSTE COMUM,LED,70,24,26.756508049226742,11.485450205111425,Alerta
264286611,6.0,Rua,R. DOM EXPEDITO LOPES,B043490,-8.071452,-34.923942,San Martin,LUMINARIA FECHADA,POSTE COMUM,LED,70,24,8.89657521930639,-62.930936586223375,Alerta de lâmpada com defeito
264286922,7.0,Rua,HELVECIA,B085824,-8.08424,-34.970642,Coqueiral,LUMINARIA FECHADA,POSTE COMUM,LED,55,18,28.1852944904828,56.584969391571114,Alerta de possível roubo de energia
264287050,7.0,Rua,GENERAL FRANCISCO FIGUEIROA,B049284,-8.094322,-34.929738,Areias,LUMINARIA FECHADA,POSTE COMUM,LED,96,33,14.809999196490473,-55.12121455608947,Alerta de lâmpada com defeito
264287133,7.0,Vila,SARAMANDAIA,B072891,-8.088794,-34.948695,Jardim São Paulo,LUMINARIA ABERTA,POSTE COMUM,LED,70,24,14.541077425226415,-39.41217739488994,Alerta
264287737,8.0,Rua,PITARANA,B073897,-8.094224,-34.921861,Areias,LUMINARIA FECHADA,POSTE COMUM,LED,96,33,57.71651250272387,74.89852273552688,Alerta de possível roubo de energia
264287924,8.0,Rua,VINTE E UM DE ABRIL,C356349,-8.071685,-34.927114,San Martin,LUMINARIA FECHADA,POSTE COMUM,LED,115,39,66.45648926848648,70.40125453458072,Alerta de possível roubo de energia
264287964,8.0,Rua,URSULINO PINTO DE CARVALHO,B022174,-8.076498,-34.90838,Afogados,LUMINARIA FECHADA,POSTE COMUM,LED,70,24,34.75695951270286,44.82066463626193,Alerta
264287982,8.0,Rua,CARLOS ALBERTO VALENCIA,B061199,-8.081552,-34.939477,Jardim São Paulo,LUMINARIA FECHADA,POSTE COMUM,LED,70,24,18.15890220684968,-24.337907471459662,Alerta
264288238,9.0,Travessa,TACIABA,B071351,-8.080553,-34.953867,Curado,LUMINARIA FECHADA,POSTE COMUM,LED,40,13,17.013424894830028,30.872499191000212,Alerta
264288337,9.0,Rua,LUIZ SEPULVEDA,B070376,-8.098668,-34.933312,Areias,LUMINARIA FECHADA,POSTE COMUM,LED,72,24,11.313236889556368,-52.8615129601818,Alerta de lâmpada com defeito
264288689,10.0,Rua,JAGUARUANA,B082907,-8.091431,-34.92104,Jiquiá,LUMINARIA FECHADA,POSTE COMUM,LED,70,24,17.783757964180264,-25.901008482582235,Alerta
264288861,10.0,Rua,TUPINARE,B071020,-8.083589,-34.95345,Jardim São Paulo,LUMINARIA FECHADA,POSTE COMUM,LED,70,24,36.93369232993679,53.89038470806996,Alerta de possível roubo de energia
264288950,10.0,Rua,FREI MANUEL CALADO,B076210,-8.092259,-34.930221,Areias,LUMINARIA FECHADA,POSTE COMUM,LED,96,33,61.015610337698305,84.89578890211608,Alerta de possível roubo de energia
264289304,11.0,Rua,JOSE BARATA,B073351,-8.087738,-34.921871,Jiquiá,LUMINARIA FECHADA,POSTE COMUM,LED,70,24,6.137088078497399,-74.42879967292751,Alerta de lâmpada com defeito
264289322,11.0,Rua,ANTONIO CARNEIRO,B073331,-8.085395,-34.926239,Jiquiá,LUMINARIA FECHADA,POSTE COMUM,LED,70,24,0.9104859624872077,-96.20630848963664,Alerta de lâmpada com defeito
264289902,12.0,Rua,ANTONIO CARNEIRO,B073863,-8.089224,-34.925161,Jiquiá,LUMINARIA FECHADA,POSTE COMUM,LED,70,24,39.61756701806221,65.07319590859254,Alerta de possível roubo de energia
264290106,12.0,Rua,CANTORA CARMEM MIRANDA PQ MILAGRES,B076878,-8.107255,-34.952611,Barro,LUMINARIA FECHADA,POSTE COMUM,LED,40,13,14.687641556113729,12.981858123951758,Alerta
264290156,12.0,Rua,ALVARO FRAGOSO,B070736,-8.095923,-34.931708,Areias,LUMINARIA FECHADA,POSTE COMUM,LED,72,24,19.765001858565995,-17.64582558930835,Alerta
264290260,12.0,Rua,MIU NOVISENTOS E ONZE,B061247,-8.085831,-34.936457,Jardim São Paulo,LUMINARIA ABERTA,POSTE COMUM,LED,96,33,0.7896517744598697,-97.60711583497009,Alerta de lâmpada com defeito
264290466,12.0,Avenida,GETULIO VARGAS,B067216D,-8.076612,-34.972972,Curado,PÉTALA,POSTE CIRCULAR,LED,150,51,27.877735597438246,-45.33777333835638,Alerta
264290873,13.0,Estrada,R. PIRAIBA,B022391,-8.069562,-34.909445,Afogados,LUMINARIA FECHADA,POSTE COMUM,LED,70,24,37.17713509967462,54.9047295819776,Alerta de possível roubo de energia
264290877,13.0,Rua,MAUES,B051481,-8.066677,-34.926313,San Martin,LUMINARIA FECHADA,POSTE COMUM,LED,70,24,14.6436980977494,-38.984591259377495,Alerta
264291095,14.0,Rua,BRILHANTE,B070645,-8.086915,-34.942196,Barro,LUMINARIA ABERTA,POSTE COMUM,LED,50,17,28.0470989922535,64.98293524854999,Alerta de possível roubo de energia
264291119,14.0,Rua,LUIZ SOARES,B080737,-8.090565,-34.948084,Tejipió,LUMINARIA FECHADA,POSTE COMUM,LED,70,24,32.587703552957706,35.78209813732378,Alerta
264291347,14.0,Rua,MANOEL INACIO PROLONGAMENTO DA BR 101,B071646,-8.088034,-34.947134,Jardim São Paulo,LUMINARIA ABERTA,POSTE COMUM,LED,96,33,16.317561141268587,-50.552845026458826,Alerta de lâmpada com defeito
264291489,14.0,Rua,RUA CAPITAO ADOLFO TAQUIS,B033034,-8.073728,-34.913494,Afogados,LUMINARIA FECHADA,POSTE COMUM,LED,90,31,14.713777848141671,-52.53620048986558,Alerta de lâmpada com defeito
264291666,15.0,Rua,PARAIBA DO SUL,B086094,-8.082252,-34.965864,Sancho,LUMINARIA FECHADA,POSTE COMUM,LED,55,18,21.538012670602505,19.655625947791698,Alerta
264291864,15.0,Rua,ANAGE,B071973,-8.086812,-34.949246,Jardim São Paulo,LUMINARIA ABERTA,POSTE COMUM,LED,96,33,62.81673310962044,90.35373669581953,Alerta de possível roubo de energia
264291865,15.0,Rua,MANOEL INACIO PROLONGAMENTO DA BR 101,B072885,-8.088673,-34.94724,Jardim São Paulo,LUMINARIA ABERTA,POSTE COMUM,LED,96,33,28.124188303546582,-14.775186958949751,Alerta
264292029,15.0,Avenida,LIBERDADE,C356681D,-8.081879,-34.959982,Curado,,POSTE CIRCULAR,LED,96,33,37.69026779843723,14.212932722537069,Alerta
264292458,16.0,Rua,R. RIO COARI,B063443,-8.088469,-34.93562,Areias,LUMINARIA ABERTA,POSTE COMUM,LED,40,13,3.132859159365884,-75.9010833894932,Alerta de lâmpada com defeito
264293005,18.0,Avenida,CENTRAL,B065407,-8.079257,-34.920148,Afogados,LUMINARIA FECHADA,POSTE COMUM,LED,96,33,53.65955487303322,62.60471173646431,Alerta de possível roubo de energia
264293205,18.0,Rua,GUARACI,B069334,-8.099654,-34.930304,Caçote,LUMINARIA FECHADA,POSTE COMUM,LED,72,24,32.13395601790768,33.891483407948655,Alerta
264293209,18.0,Praca,SIMAO BORBA,B082757D,-8.09683,-34.924862,Areias,REFLETOR,POSTE CIRCULAR,LED,50,17,23.451211203682504,37.94830119813238,Alerta
264293247,18.0,Rua,PAJUSSARA,B072609,-8.086559,-34.949709,Jardim São Paulo,LUMINARIA ABERTA,POSTE COMUM,LED,96,33,12.178927433525605,-63.09415929234665,Alerta de lâmpada com defeito
264293468,19.0,Rua,ABIGAIL ARAUJO,B064495,-8.086909,-34.94058,Barro,LUMINARIA ABERTA,POSTE COMUM,LED,40,13,10.044448827841823,-22.735009016601364,Alerta
264293567,19.0,Rua,FALCAO DE LACERDA,B080872,-8.091124,-34.9583,Tejipió,LUMINARIA FECHADA,POSTE COMUM,LED,72,24,43.06769385098589,79.44872437910787,Alerta de possível roubo de energia
264293640,19.0,Rua,ORLEAES,B082854,-8.091621,-34.925811,Estância,LUMINARIA FECHADA,POSTE COMUM,LED,70,24,30.484752662748917,27.01980276145382,Alerta
264293764,19.0,Rua,PADRE FERNANDO MULLER,B069474,-8.091541,-34.940077,Barro,LUMINARIA FECHADA,POSTE COMUM,LED,70,24,45.8635048726382,91.09793696932584,Alerta de possível roubo de energia
264293987,20.0,Rua,CAPITAO PONCIANO,B070605,-8.09441,-34.943536,Barro,LUMINARIA FECHADA,POSTE COMUM,LED,70,24,8.331745717081976,-65.28439284549177,Alerta de lâmpada com defeito
264294181,20.0,Rua,JOSE NATARIO,B063660,-8.090043,-34.93692,Areias,LUMINARIA ABERTA,POSTE COMUM,LED,70,24,17.868743635320357,-25.546901519498515,Alerta
264294408,21.0,Rua,CORONEL FERNANDO MACHADO,B061467,-8.072862,-34.938592,Curado,LUMINARIA FECHADA,POSTE COMUM,LED,50,17,7.762291437059156,-54.33946213494614,Alerta de lâmpada com defeito
264294620,22.0,Rua,BRITO FREIRE,B083827,-8.088693,-34.951803,Tejipió,LUMINARIA FECHADA,POSTE COMUM,LED,70,24,40.32604727952973,68.02519699804054,Alerta de possível roubo de energia
264294667,22.0,Rua,SARGENTO JUVENCIO,B083954,-8.089191,-34.956927,Tejipió,LUMINARIA FECHADA,POSTE COMUM,LED,70,24,46.09651778959709,92.06882412332119,Alerta de possível roubo de energia
264294846,22.0,Rua,R. ORATORIOS,B063876,-8.088535,-34.934996,Areias,LUMINARIA ABERTA,POSTE COMUM,LED,40,13,19.29495503383192,48.422731029476296,Alerta
264294973,23.0,Rua,AGOSTINHO BARBALHO,B072578,-8.078343,-34.946656,Jardim São Paulo,LUMINARIA FECHADA,POSTE COMUM,LED,72,24,43.55259160382245,81.46913168259354,Alerta de possível roubo de energia
264294993,23.0,Avenida,GAROTA DE IPANEMA,B083997,-8.08397,-34.959511,Sancho,LUMINARIA FECHADA,POSTE COMUM,LED,110,37,73.11070171007619,97.59649110831401,Alerta de possível roubo de energia
264295107,23.0,Avenida,GENERAL SAN MARTIN,B061730,-8.06824,-34.928065,San Martin,LUMINARIA FECHADA,POSTE COMUM,LED,150,51,64.93251744205784,27.318661651093812,Alerta
264295422,24.0,Avenida,DA ESPERANCA,B069503,-8.091598,-34.942798,Barro,LUMINARIA FECHADA,POSTE COMUM,LED,70,24,11.601243394968929,-51.66148585429613,Alerta de lâmpada com defeito
264295663,25.0,Rua,NOSSA SENH0RA DE FATIMA,B062271,-8.083014,-34.934069,Estância,LUMINARIA ABERTA,POSTE COMUM,LED,96,33,36.820109562371826,11.576089582944928,Alerta
264295782,26.0,Rua,TUPINARE,B072514,-8.085051,-34.953727,Jardim São Paulo,LUMINARIA FECHADA,POSTE COMUM,LED,70,24,41.031492599883194,70.96455249951332,Alerta de possível roubo de energia
264295909,26.0,Rua,CRUZ DAS GRACAS,B085792,-8.086034,-34.967317,Coqueiral,LUMINARIA FECHADA,POSTE COMUM,LED,72,24,4.0311052633542275,-83.20372806935738,Alerta de lâmpada com defeito
264296092,27.0,Rua,BETORVE,H017562,-8.064857,-34.923875,San Martin,LUMINARIA FECHADA,POSTE COMUM,LED,40,13,8.822343677728412,-32.135817863627594,Alerta
264296110,27.0,Rua,BOM JARDIM,B051777,-8.074084,-34.92381,Mangueira,LUMINARIA FECHADA,POSTE COMUM,LED,70,24,18.170319687938346,-24.290334633590227,Alerta
264296270,28.0,Praca,CAPITAO GREGORIO DE ALBUQUERQUE,B070751D,-8.096431,-34.931482,Areias,REFLETOR,POSTE COMUM,LED,240,82,128.46312546726446,56.662348130810315,Alerta de possível roubo de energia
264296348,28.0,Avenida,CARLOS GOMES,B035898,-8.064961,-34.913878,Prado,LUMINARIA FECHADA,POSTE COMUM,LED,96,33,17.528750967287557,-46.88257282640134,Alerta
264296643,30.0,Rodovia,BR 232,B097183,-8.068935,-34.943184,Curado,LUMINARIA FECHADA,POSTE COMUM,LED,115,39,4.180997784531122,-89.27949286017662,Alerta de lâmpada com defeito
264297209,34.0,Rua,FEACA,H018479D,-8.10105,-34.933888,Caçote,LUMINARIA FECHADA,POSTE COMUM,LED,72,24,11.897447392449479,-50.427302531460505,Alerta de lâmpada com defeito
264297381,36.0,Rua,MANOEL ALBUQUERQUE FERNANDES,B065412,-8.080136,-34.91893,Afogados,LUMINARIA FECHADA,POSTE COMUM,LED,96,33,0.4466512559652642,-98.6465113455598,Alerta de lâmpada com defeito
264297656,39.0,Travessa,PRINCIPE DA BEIRA,B030679D,-8.089139,-34.927412,Estância,LUMINARIA FECHADA,POSTE COMUM,LED,70,24,44.1105640401335,83.79401683388957,Alerta de possível roubo de energia
264297917,42.0,Rodovia,GOV MARIO COVAS,C350075D,-8.078934,-34.943068,Jardim São Paulo,PÉTALA,POSTE CIRCULAR,VAPOR DE SODIO,250,94,57.92522056832812,-38.377424927310514,Alerta
264298079,45.0,Rua,DOUTOR DEVALDO BORGES,B061425,-8.078449,-34.939593,Jardim São Paulo,LUMINARIA FECHADA,POSTE COMUM,LED,70,24,27.883541330871196,16.181422211963316,Alerta
264298213,49.0,Rua,CAPITAO FERNAO DE MELO,B969297,-8.096208,-34.932925,Areias,LUMINARIA FECHADA,POSTE COMUM,LED,72,24,42.28734964410707,76.19729018377944,Alerta de possível roubo de energia
264298442,62.0,Rua,DA CUSTODIA,B091854,-8.087892,-34.96762,Coqueiral,LUMINARIA FECHADA,POSTE COMUM,LED,72,24,2.192273853433406,-90.86552561069414,Alerta de lâmpada com defeito
264332349,1.0,Rua,CAMPOS TABAIARES,B020999,-8.067345,-34.905672,Ilha do Retiro,LUMINARIA FECHADA,POSTE COMUM,LED,70,24,41.94962981410889,74.7901242254537,Alerta de possível roubo de energia
264332360,1.0,Rua,R. ANTONIO VALDEVINO COSTA,B053667,-8.058793,-34.929183,Cordeiro,LUMINARIA FECHADA,POSTE COMUM,LED,96,33,65.0110232136119,97.0031006473088,Alerta de possível roubo de energia
264332753,1.0,Rua,GREGORIO JUNIOR,B054236,-8.054357,-34.920372,Zumbi,LUMINARIA FECHADA,POSTE COMUM,LED,50,17,11.714675843188356,-31.09014209889202,Alerta
264333054,1.0,Rua,MARIA KITERIA,B044108,-8.045274,-34.927465,Cordeiro,LUMINARIA FECHADA,POSTE COMUM,LED,70,24,26.558376511986573,10.659902133277388,Alerta
264333289,2.0,Rua,DONA MARIA LARCEDA,B066025,-8.047441,-34.960021,Várzea,LUMINARIA FECHADA,POSTE COMUM,LED,50,17,13.306779232040402,-21.724828046821166,Alerta
264333426,2.0,Rua,JULIO ANTUNES CAMPELO,B053222,-8.057711,-34.934225,Torrões,LUMINARIA FECHADA,POSTE COMUM,LED,70,24,28.16919401429559,17.371641726231633,Alerta
264333481,2.0,Avenida,PROF. ARTUR DE SA,B066410,-8.046355,-34.95252,Várzea,LUMINARIA FECHADA,POSTE COMUM,LED,165,56,106.606714092402,90.36913230786071,Alerta de possível roubo de energia
264333917,2.0,Estrada,ESTR. DO BARBALHO,E006514,-8.028777,-34.93322,Iputinga,LUMINARIA FECHADA,POSTE COMUM,LED,70,24,19.818810564372185,-17.42162264844923,Alerta
264333987,2.0,Rua,JOSE BONIFACIO,B047596,-8.045532,-34.907172,Torre,LUMINARIA FECHADA,POSTE COMUM,LED,70,24,12.83281988756764,-46.52991713513484,Alerta
264334495,3.0,Rua,FIRMINI DE BARROS,B045719,-8.053442,-34.925242,Cordeiro,PÉTALA,POSTE COMUM,LED,96,33,2.265400052418723,-93.1351513563069,Alerta de lâmpada com defeito
264334509,3.0,Rua,R. CAMPOS SALES,B044621,-8.050996,-34.914107,Madalena,LUMINARIA FECHADA,POSTE COMUM,LED,72,24,0.033099756951177284,-99.86208434603677,Alerta de lâmpada com defeito
264334552,3.0,Rua,SAO FRANCISCO DE PAULA,B031160,-8.030818,-34.955614,Caxangá,LUMINARIA FECHADA,POSTE COMUM,LED,96,33,5.527115924220286,-83.25116386599913,Alerta de lâmpada com defeito
264334700,3.0,Rua,TV. FRANCISCO RODRIGUES LOBO,C049464,-8.035373,-34.982788,Várzea,LUMINARIA ABERTA,POSTE COMUM,LED,55,18,20.737750487883012,15.209724932683402,Alerta
264334722,3.0,Beco,ESTR DO BARBALHO,C359873,-8.029179,-34.935488,Iputinga,PÉTALA,POSTE COMUM,LED,40,13,19.093602794607712,46.87386765082856,Alerta
264335310,4.0,Rua,CLAUDUIO BROTHERBORD,B046376,-8.048103,-34.928579,Cordeiro,LUMINARIA FECHADA,POSTE COMUM,LED,70,24,12.560212285829824,-47.66578214237573,Alerta
264335499,4.0,Rua,R. JACINTO FREIRE DE ANDRADE,D001781,-8.038242,-34.99204,Várzea,LUMINARIA FECHADA,POSTE COMUM,LED,70,24,15.250325440449439,-36.45697733146067,Alerta
264335530,4.0,Rua,REAL DA TORRE,B044654,-8.053674,-34.909266,Madalena,LUMINARIA FECHADA,POSTE COMUM,LED,96,33,6.406945968884134,-80.58501221550263,Alerta de lâmpada com defeito
264335904,5.0,Rua,R. PADRE TEOFILO TWORZ,B029637,-8.06394,-34.911217,Prado,LUMINARIA FECHADA,POSTE COMUM,LED,70,24,40.38821023887509,68.2842093286462,Alerta de possível roubo de energia
264336972,6.0,Praca,PRACA DO INTERNACIONAL,B054619D,-8.058071,-34.904246,Madalena,PÉTALA,CIRCULAR,LED,90,31,55.284779193116194,78.33799739714901,Alerta de possível roubo de energia
264337134,6.0,Rua,TORRES HOMEM,B066984,-8.041089,-34.956132,Várzea,LUMINARIA FECHADA,POSTE COMUM,LED,70,24,0.7571976674873184,-96.84500971880284,Alerta de lâmpada com defeito
264337256,6.0,Rua,R. LAVRAS DO SUL,B037241D,-8.039943,-34.92948,Iputinga,LUMINARIA FECHADA,POSTE COMUM,LED,70,24,42.690463021630165,77.87692925679237,Alerta de possível roubo de energia
264337258,6.0,Rua,R. ANA NERI,B047637,-8.041686,-34.907906,Torre,LUMINARIA FECHADA,POSTE COMUM,LED,96,33,8.521984936986243,-74.17580322125382,Alerta de lâmpada com defeito
264337458,6.0,Rua,R SANDOLANDIA,B036619,-8.028428,-34.937724,Iputinga,PÉTALA,POSTE COMUM,LED,72,24,15.260139465300917,-36.41608556124618,Alerta
264337618,7.0,Rua,BRASILEIA,B053270,-8.056647,-34.934618,Torrões,LUMINARIA FECHADA,POSTE COMUM,LED,70,24,46.03498604478516,91.81244185327148,Alerta de possível roubo de energia
264338028,7.0,Avenida,AV. JOAQUIM RIBEIRO,B025186D,-8.025608,-34.961006,Caxangá,PÉTALA,POSTE CIRCULAR,LED,150,51,21.58519251221504,-57.676093113303835,Alerta de lâmpada com defeito
264338582,8.0,Rua,GUAPE,B058693,-8.055096,-34.917609,Zumbi,LUMINARIA FECHADA,POSTE COMUM,LED,72,24,15.428742301117119,-35.71357374534534,Alerta
264339082,9.0,Rua,RUA PIRATINI,B052103D,-8.059875,-34.939107,Torrões,LUMINARIA FECHADA,POSTE COMUM,LED,72,24,32.12183317774969,33.84097157395705,Alerta
264339236,9.0,Avenida,AV CAXANGA,B040798,-8.049128,-34.924438,Cordeiro,LUMINARIA FECHADA,POSTE COMUM,LED,96,33,7.854105535510762,-76.19968019542193,Alerta de lâmpada com defeito
264339352,9.0,Rua,TV. CAP. AURELIO DE ARAUJO,B037391,-8.04006,-34.932054,Iputinga,LUMINARIA FECHADA,POSTE COMUM,LED,70,24,39.24888883723572,63.5370368218155,Alerta de possível roubo de energia
264339452,9.0,Rua,VALE DO SIRIJI,C049699,-8.036924,-34.974245,Várzea,PÉTALA,POSTE COMUM,LED,80,27,45.975561653630734,70.27985797641013,Alerta de possível roubo de energia
264339571,9.0,Rua,R. SATUBA,B024922,-8.023915,-34.965114,Várzea,LUMINARIA FECHADA,POSTE COMUM,LED,40,13,23.015880523893205,77.0452347991785,Alerta de possível roubo de energia
264339913,10.0,Rua,JOSE EDUARDO MOURA,B068356,-8.042502,-34.957655,Várzea,LUMINARIA FECHADA,POSTE COMUM,LED,70,24,43.08009851272936,79.50041046970566,Alerta de possível roubo de energia
264340211,10.0,Rua,IBATEGUARA,B031658,-8.024988,-34.963122,Várzea,LUMINARIA FECHADA,POSTE COMUM,LED,40,13,0.3490730605216825,-97.31482261137168,Alerta de lâmpada com defeito
264340239,10.0,Avenida,AFONSO OLINDENSE,B057240,-8.034714,-34.955416,Várzea,LUMINARIA FECHADA,POSTE COMUM,LED,135,46,18.341966166953295,-60.12616050662327,Alerta de lâmpada com defeito
264340256,10.0,Avenida,AV. JOAQUIM RIBEIRO,B024927D,-8.021749,-34.964511,Caxangá,PÉTALA,POSTE CIRCULAR,LED,150,51,18.057218686227138,-64.59368885053503,Alerta de lâmpada com defeito
264340370,11.0,Rua,RUA PORTO LUCENA,B052753,-8.059249,-34.932139,Torrões,LUMINARIA FECHADA,POSTE COMUM,LED,70,24,32.725255301873176,36.35523042447157,Alerta
264340483,11.0,Rua,RUA DOUTOR ANICETO RIBEIRO VAREJAO,B062877,-8.068578,-34.933009,Torrões,LUMINARIA FECHADA,POSTE COMUM,LED,72,24,15.389190711157006,-35.8783720368458,Alerta
264340852,11.0,Rua,SOUZA BANDEIEQ,B044733,-8.045876,-34.917534,Cordeiro,LUMINARIA FECHADA,POSTE COMUM,LED,70,24,5.607977247085273,-76.6334281371447,Alerta de lâmpada com defeito
264340993,11.0,Rua,R. ENGENHO POE.,B024677,-8.032744,-34.952013,Caxangá,LUMINARIA FECHADA,POSTE COMUM,LED,115,39,61.87710051449082,58.659232088437996,Alerta de possível roubo de energia
264341056,12.0,Avenida,BEIRA RIO,B020824,-8.065999,-34.901165,Ilha do Retiro,LUMINARIA FECHADA,POSTE COMUM,LED,115,39,16.442682882251184,-57.839274660894404,Alerta de lâmpada com defeito
264341277,12.0,Rua,CARATINGA,B058997,-8.056024,-34.916821,Zumbi,LUMINARIA FECHADA,POSTE COMUM,LED,45,15,16.74349603526019,11.6233069017346,Alerta
264341310,12.0,Rua,PROF LINS E SILVA,E011898,-8.056292,-34.913939,Madalena,LUMINARIA FECHADA,POSTE COMUM,LED,72,24,18.56775531640337,-22.634352848319285,Alerta
264342065,13.0,Rua,R. MANOEL HELENO FILHO,B037176,-8.036447,-34.928132,Iputinga,LUMINARIA FECHADA,POSTE COMUM,LED,70,24,36.16740754319749,50.69753142998955,Alerta de possível roubo de energia
264342082,13.0,Rua,CANTORA CLARA NUNES,B037742,-8.044463,-34.918252,Cordeiro,LUMINARIA FECHADA,POSTE COMUM,LED,45,15,25.29946539613674,68.66310264091159,Alerta de possível roubo de energia
264342629,14.0,Rua,PIO NONO,INEXISTENTE,-8.045762,-34.911057,Torre,LUMINARIA FECHADA,POSTE COMUM,LED,96,33,43.05615021803624,30.473182478897687,Alerta
264343338,16.0,Travessa,MARIA LARCEDA,B066022,-8.04636,-34.960258,Várzea,LUMINARIA FECHADA,POSTE COMUM,LED,30,10,19.134722596688494,91.34722596688493,Alerta de possível roubo de energia
264343442,16.0,Rua,JACOB KAHAN,B057899,-8.047751,-34.94151,Iputinga,LUMINARIA FECHADA,POSTE COMUM,LED,70,24,35.372455941428335,47.385233089284725,Alerta
264343565,16.0,Avenida,AV CAXANGA,B083888D,-8.05397,-34.914744,Madalena,PÉTALA,POSTE CIRCULAR,LED,190,65,0.9218992379846469,-98.58169348002363,Alerta de lâmpada com defeito
264344118,17.0,Rua,AV. HISTO. JORDAO EMERENCIANO,B031930,-8.035941,-34.943407,Iputinga,LUMINARIA FECHADA,POSTE COMUM,LED,90,31,4.616538880577654,-85.10793909491079,Alerta de lâmpada com defeito
264344142,17.0,Rua,R. SAO VICENTE DE PAULA,C049369D,-8.033469,-34.978753,Várzea,LUMINARIA FECHADA,POSTE COMUM,LED,72,24,34.21393303015216,42.55805429230068,Alerta
264344818,19.0,Rua,BATALHA DE TEJUCUPOPO,B053452,-8.056899,-34.938424,Torrões,LUMINARIA FECHADA,POSTE COMUM,LED,72,24,18.177027144217426,-24.262386899094057,Alerta
264344925,19.0,Avenida,PROFESSOR LUIZ FREIRE,B067918,-8.058116,-34.951095,Curado,LUMINARIA FECHADA,POSTE COMUM,LED,165,56,21.65131307456521,-61.336940938276406,Alerta de lâmpada com defeito
264344996,19.0,Rua,DOM MANOEL DA COSTA,B083847,-8.046614,-34.909438,Torre,LUMINARIA FECHADA,POSTE COMUM,LED,110,37,27.961146994383295,-24.429332447612715,Alerta
264345758,21.0,Avenida,AV CAXANGA,B037114D,-8.054193,-34.914304,Madalena,PÉTALA,POSTE CIRCULAR,LED,190,65,76.9278374482351,18.350519151130918,Alerta
264346501,23.0,Avenida,MELVIN JONES,B057202,-8.032798,-34.956627,Várzea,LUMINARIA FECHADA,POSTE COMUM,LED,70,24,7.23539284027607,-69.85252983218304,Alerta de lâmpada com defeito
264346653,24.0,Rua,DOM JOSE PEREIRA ALVES,B040795D,-8.049107,-34.92537,Cordeiro,LAMPI?O,POSTE CIRCULAR,LED,75,25,36.03133166158719,44.12532664634875,Alerta
264346670,24.0,Rua,PROFESSSO COELHO DE ALMEIDA,B052845D,-8.045591,-34.931522,Iputinga,REFLETOR,POSTE CIRCULAR,LED,120,41,9.88018452915723,-75.90198895327505,Alerta de lâmpada com defeito
264346752,24.0,Rua,SOUZA BANDEIRQ,B044814D,-8.044142,-34.916458,Torre,REFLETOR,POSTE CIRCULAR,VAPOR METALICO,400,150,228.2009309316519,52.133953954434595,Alerta de possível roubo de energia
264346878,25.0,Rua,AV. MUCIO UCHOA CAVALCANTE,B057784,-8.049871,-34.943996,Engenho do Meio,LUMINARIA FECHADA,POSTE COMUM,LED,90,31,22.507844177251947,-27.39405104112275,Alerta
264347047,25.0,Rua,CEL FERNANDO FURTADI,B044037,-8.042132,-34.927853,Cordeiro,LUMINARIA FECHADA,POSTE COMUM,LED,72,24,5.654382004927037,-76.44007497947068,Alerta de lâmpada com defeito
264347506,27.0,Rua,R. ADELMAR LAFAIETE,B031067,-8.026447,-34.955065,Caxangá,LUMINARIA FECHADA,POSTE COMUM,LED,96,33,24.239489350115434,-26.547001969347168,Alerta
264347550,27.0,Rua,MANUEL DEUS DARA,B057456,-8.057406,-34.945186,Engenho do Meio,LUMINARIA FECHADA,POSTE COMUM,LED,96,33,5.030480545536353,-84.75611955898074,Alerta de lâmpada com defeito
264347889,29.0,Rua,R SAO PEDRO,B036803,-8.028582,-34.938504,Iputinga,PÉTALA,POSTE COMUM,LED,72,24,31.060021322772926,29.416755511553855,Alerta
264347944,29.0,Avenida,AV. CAXANGA,B031649D,-8.034456,-34.950648,Várzea,PÉTALA,POSTE CIRCULAR,LED,40,13,1.1101924968260803,-91.46005771672246,Alerta de lâmpada com defeito
264348180,31.0,Rua,SEIS MARCO,B066422,-8.04581,-34.955373,Várzea,LUMINARIA FECHADA,POSTE COMUM,LED,70,24,14.173174615201388,-40.945105769994214,Alerta
264348633,34.0,Rua,RUA DOUTOR DOMINGOS DE ABREU VASCONCELOS,C356439D,-8.067326,-34.932729,Torrões,LAMPI?O,POSTE CIRCULAR,LED,60,20,37.15867489531442,85.7933744765721,Alerta de possível roubo de energia
264348778,35.0,Rua,RUA DAMASQUEIRO,B053661,-8.06271,-34.93543,Torrões,LUMINARIA FECHADA,POSTE COMUM,LED,90,31,55.55724702791551,79.21692589650165,Alerta de possível roubo de energia
264349090,37.0,Parque,PARQUE DO CAIARA,E017561D,-8.039562,-34.927887,Iputinga,PÉTALA,POSTE CIRCULAR,LED,70,24,33.80120211876721,40.838342161530036,Alerta
264349870,47.0,Rua,RAMAL ARENA PERNAMBUCO,C046682D,-8.040715,-34.991498,Várzea,LUMINARIA FECHADA,POSTE CIRCULAR,LED,150,51,29.337265688204184,-42.47594963097219,Alerta
265658995,2.0,Rua,SALDADO SEBASTIAO FELICIO,B042653,-8.125584,-34.946198,Cohab,LUMINARIA FECHADA,POSTE COMUM,LED,70,24,35.352257550691206,47.30107312788003,Alerta
265726592,35.0,Rua,QUINZE DE NOVEMBRO,B049050D,-8.114671,-34.951897,Cohab,LUMINARIA FECHADA,POSTE COMUM,LED,40,13,22.103301781668147,70.02539832052422,Alerta de possível roubo de energia
266518120,31.0,Rua,MANOEL DE BRITO,B001791D,-8.08658,-34.887858,Pina,LUMINARIA FECHADA,POSTE COMUM,LED,100,34,1.0824828664027422,-96.81622686352135,Alerta de lâmpada com defeito
266823546,12.0,Avenida,MAL. MASCARENHAS DE MORAIS,B023620D,-8.127231,-34.915553,Ibura,LUMINARIA FECHADA,POSTE COMUM,LED,120,41,60.84503924528954,48.40253474460864,Alerta
267052242,3.0,Rua,RUA ERNESTO DE PAULA SANTOS,B004323,-8.125321,-34.897283,Boa Viagem,LUMINARIA FECHADA,POSTE COMUM,LED,115,39,71.49875313078361,83.3301362327785,Alerta de possível roubo de energia
267059515,51.0,Rua,ITAICABA,INEXISTENTE,-8.127998,-34.957527,Cohab,LUMINARIA ABERTA,POSTE COMUM,LED,30,10,17.781705761521597,77.81705761521597,Alerta de possível roubo de energia
267500370,34.0,Avenida,SENADOR ROBERT KENNEDY,B034021D,-8.118844,-34.921604,Ibura,PÉTALA,POSTE CIRCULAR,LED,211,72,32.37856974044039,-55.02976424938835,Alerta de lâmpada com defeito
267783542,30.0,Rua,RIO PRADO,B028096,-8.110033,-34.945616,Ibura,LUMINARIA FECHADA,POSTE CIRCULAR,LED,70,24,31.573386575097118,31.55577739623799,Alerta
268730894,8.0,Avenida,DONA CARETINA,INEXISTENTE,-8.136293,-34.946615,Jordão,LUMINARIA FECHADA,POSTE COMUM,LED,40,13,18.29583320413014,40.737178493308775,Alerta
268734787,1.0,Rua,DOIS IRMAOS,B040926,-8.019571,-34.940845,Apipucos,LUMINARIA FECHADA,POSTE COMUM,LED,96,33,56.69655905114436,71.80775470043747,Alerta de possível roubo de energia
268734894,1.0,Rua,PEREIRA BARRETO,A017365,-7.98557,-34.917357,Passarinho,LUMINARIA FECHADA,POSTE COMUM,LED,70,24,5.422967896018257,-77.40430043325726,Alerta de lâmpada com defeito
268735924,2.0,Rua,DA LINHA,A058822,-7.969249,-34.917099,Passarinho,LUMINARIA FECHADA,POSTE COMUM,LED,96,33,28.238902244851587,-14.42756895499519,Alerta
268736085,2.0,Rua,CARLOS MRIGHELA,B045106,-8.006146,-34.931283,Nova Descoberta,LUMINARIA FECHADA,POSTE COMUM,LED,72,24,7.040869935359034,-70.66304193600402,Alerta de lâmpada com defeito
268736223,3.0,Avenida,AV. DEZESSETE DE AGOSTO,B033633,-8.028147,-34.92823,Monteiro,LUMINARIA FECHADA,POSTE COMUM,LED,70,24,33.181047505173375,38.25436460488906,Alerta
268736679,3.0,Rua,R. ENGENHO PAROL,B095643,-8.009451,-34.913854,Alto José Bonifácio,LUMINARIA FECHADA,POSTE COMUM,LED,40,13,1.2088944520869784,-90.70081190702324,Alerta de lâmpada com defeito
268737067,4.0,Rua,RUA ELOY MALTA DE ALENCAR - CASA AMARELA,B003540,-8.02579,-34.909896,Casa Amarela,LUMINARIA FECHADA,POSTE COMUM,LED,96,33,24.985040103500445,-24.287757262119865,Alerta
268737199,4.0,Rua,JOR.PAULO BITENCOURT,B009421,-8.054693,-34.898364,Derby,LUMINARIA FECHADA,POSTE COMUM,LED,96,33,12.800652811769918,-61.210142994636605,Alerta de lâmpada com defeito
268737772,4.0,Rua,R. ANTONIO BATISTA DE SOUZA,C358343D,-8.017699,-34.932797,Macaxeira,LAMPI?O,POSTE CIRCULAR,LED,75,25,49.22475032746662,96.89900130986649,Alerta de possível roubo de energia
268737911,5.0,Rua,R. MONSENHOR AMBROZINO LEITE,B009641,-8.052251,-34.901178,Graças,LUMINARIA FECHADA,POSTE COMUM,LED,96,33,49.35409659282274,49.55786846309922,Alerta
268738097,5.0,Rua,CINEMA,B011984,-8.025042,-34.900322,Mangabeira,LUMINARIA FECHADA,POSTE COMUM,LED,90,31,46.96827192819286,51.51055460707376,Alerta de possível roubo de energia
268738227,5.0,Rua,OSCAR PINTO,B005927,-8.025244,-34.912372,Casa Amarela,LUMINARIA FECHADA,POSTE COMUM,LED,115,39,34.86163176240447,-10.611200609219305,Alerta
268738502,5.0,Rua,CORREGO DA BICA,B089928,-7.986269,-34.929448,Passarinho,LUMINARIA FECHADA,POSTE COMUM,LED,45,15,12.327184895940935,-17.81876736039377,Alerta
268738762,6.0,Rua,R. DO FUTURO,B000399,-8.041459,-34.89955,Graças,LUMINARIA FECHADA,POSTE COMUM,LED,115,39,61.35462377840065,57.31954814974526,Alerta de possível roubo de energia
268738851,6.0,Rua,AMARO BEZERRA,B009356,-8.055753,-34.900931,Derby,LUMINARIA FECHADA,POSTE COMUM,LED,96,33,49.92355897698033,51.283512051455546,Alerta de possível roubo de energia
268739059,216.0,Parque,PARQUE SANTANA - R. JORGE GOMES DE SA - SANTANA,B032061,-8.040716,-34.916501,Santana,LUMINARIA FECHADA,POSTE COMUM,LED,115,39,31.944248760359354,-18.091669845232424,Alerta
268739575,7.0,Rua,R. SERGIO MAGALHAES,B003292,-8.044001,-34.901085,Graças,LUMINARIA FECHADA,POSTE COMUM,LED,96,33,60.06739352670131,82.0224046263676,Alerta de possível roubo de energia
268739670,7.0,Estrada,VELHA DE AGUA FRIA,B011683,-8.026893,-34.898197,Tamarineira,LUMINARIA FECHADA,POSTE COMUM,LED,150,51,6.3735007276449025,-87.50293974971588,Alerta de lâmpada com defeito
268739748,7.0,Rua,R. DONA ANA XAVIER,B039946,-8.027075,-34.917582,Casa Amarela,LUMINARIA FECHADA,POSTE COMUM,LED,96,33,37.796543611492766,14.534980640887168,Alerta
268739877,7.0,Rua,DOS CAETES,B040147,-8.018406,-34.936581,Apipucos,LUMINARIA FECHADA,POSTE COMUM,LED,70,24,5.707448444526381,-76.21896481447341,Alerta de lâmpada com defeito
268739946,7.0,Rua,PRES COSTA E SILVA,B086596,-7.991502,-34.933165,Brejo da Guabiraba,LUMINARIA FECHADA,POSTE COMUM,LED,96,33,4.876748326316648,-85.22197476873743,Alerta de lâmpada com defeito
268739987,7.0,Rua,SANTA TEREZA,C350147,-7.986763,-34.927745,Passarinho,LUMINARIA ABERTA,POSTE COMUM,LED,50,17,1.7629042905115853,-89.62997476169656,Alerta de lâmpada com defeito
268740295,8.0,Rua,R. MANOEL DE ALMEIDA,C358988D,-8.046121,-34.902708,Graças,LUMINARIA FECHADA,POSTE COMUM,LED,96,33,57.30043568815712,73.63768390350643,Alerta de possível roubo de energia
268740321,8.0,Avenida,CONSELHEIRO ROSA E SILVA,B000250,-8.036272,-34.901837,Tamarineira,LUMINARIA FECHADA,POSTE COMUM,LED,115,39,59.90762332297804,53.60929057173857,Alerta de possível roubo de energia
268740545,8.0,Rua,R. JORGE DE ALBUQUERQUE,E000421,-8.029946,-34.926046,Poço,LUMINARIA FECHADA,POSTE COMUM,LED,70,24,44.09179695736847,83.71582065570196,Alerta de possível roubo de energia
268740670,8.0,Rua,ALTO GARRETE,E014646,-7.985914,-34.920929,Passarinho,LUMINARIA FECHADA,POSTE CIRCULAR,LED,70,24,10.017759922661375,-58.259333655577606,Alerta de lâmpada com defeito
268740966,8.0,Rua,CORREGO DO BOLEIRO,B088044D,-8.000565,-34.931421,Nova Descoberta,LUMINARIA FECHADA,POSTE COMUM,LED,70,24,30.995873024755625,29.14947093648177,Alerta
268741138,9.0,Rua,IBIA,B003230,-8.024791,-34.910231,Casa Amarela,LUMINARIA FECHADA,POSTE COMUM,LED,70,24,34.92586474048646,45.52443641869359,Alerta
268741496,9.0,Rua,R. ALTO NOVO MUNDO,B039008,-8.015947,-34.921015,Vasco da Gama,LUMINARIA FECHADA,POSTE COMUM,LED,70,24,1.9572309677369937,-91.84487096776253,Alerta de lâmpada com defeito
268741895,10.0,Rua,DJANIRA,B003869,-8.026677,-34.906112,Tamarineira,LUMINARIA FECHADA,POSTE COMUM,LED,70,24,34.04288098197925,41.845337424913545,Alerta
268741904,10.0,Rua,CEL.JOSE MARTINS,B027236,-8.043113,-34.888953,Espinheiro,LUMINARIA FECHADA,POSTE COMUM,LED,90,31,19.7394380885567,-36.32439326272032,Alerta
268741985,10.0,Rua,R. ALFREDO GAMA,B040409D,-8.022628,-34.921688,Casa Amarela,LUMINARIA FECHADA,POSTE COMUM,VAPOR DE SODIO,100,39,54.35524087483982,39.37241249958929,Alerta
268742007,10.0,Rua,CARLOS MARIGHELLA,B046126,-8.007136,-34.92984,Macaxeira,LUMINARIA FECHADA,POSTE COMUM,LED,40,13,23.935404975114004,84.11849980856925,Alerta de possível roubo de energia
268742054,10.0,Rua,DOIS IRMAOS,C358355D,-8.0157,-34.943368,Dois Irmãos,LUMINARIA FECHADA,POSTE CIRCULAR,LED,40,13,21.772072294366456,67.47747918743427,Alerta de possível roubo de energia
268742077,10.0,Travessa,ALT V GARRETTE,E005606,-7.983837,-34.924576,Passarinho,REFLETOR,POSTE COMUM,LED,240,82,146.36133884170158,78.48943761183119,Alerta de possível roubo de energia
268742464,11.0,Rua,PAULINO GOMES DE SOUZA,B005978,-8.044027,-34.902091,Graças,LUMINARIA FECHADA,POSTE COMUM,LED,115,39,27.028392525741946,-30.6964294211745,Alerta
268742755,11.0,Estrada,ESTR. DO ARRAIAL,B032374,-8.0275,-34.925456,Casa Amarela,LUMINARIA FECHADA,POSTE COMUM,LED,90,31,34.324837695700026,10.725282889354922,Alerta
268743286,12.0,Rua,R. ANDRE CAVALCANTE - PARNAMIRIM,B000634,-8.033472,-34.908843,Parnamirim,LUMINARIA FECHADA,POSTE COMUM,LED,70,24,18.69656451389744,-22.097647858760674,Alerta
268743340,12.0,Rua,DR ANAURO DORNELAS CAMARA,B032459,-8.015258,-34.934793,Macaxeira,LUMINARIA FECHADA,POSTE COMUM,LED,115,39,57.346328291511696,47.041867414132554,Alerta
268743511,12.0,Rua,BACHAREL DE ALBUQUERQUEB,B049845,-7.992028,-34.939284,Guabiraba,LUMINARIA FECHADA,POSTE COMUM,VAPOR DE SODIO,70,28,20.84689316309123,-25.546810131817033,Alerta
268743990,13.0,Rua,SITIO SAO BRAZ,E002035,-8.020654,-34.957147,Sítio dos Pintos,LUMINARIA FECHADA,POSTE COMUM,LED,30,10,2.0049065792135234,-79.95093420786476,Alerta de lâmpada com defeito
268744369,14.0,Rua,SAO SALVADOR,B009711,-8.049771,-34.89427,Graças,LUMINARIA FECHADA,POSTE COMUM,LED,115,39,33.90891870580225,-13.054054600507051,Alerta
268744377,14.0,Rua,R. JORGE GOMES DE SA,C357850,-8.041066,-34.920465,Poço,LUMINARIA FECHADA,POSTE COMUM,LED,115,39,77.2649700119595,98.11530772297309,Alerta de possível roubo de energia
268744542,14.0,Rua,R. EUCLIDES FRAZAO,C358738,-8.026333,-34.926413,Casa Amarela,LUMINARIA FECHADA,POSTE COMUM,LED,40,13,5.026765849321289,-61.332570389836235,Alerta de lâmpada com defeito
268744650,14.0,Rua,GIRASSOL,B093124,-8.017471,-34.919851,Vasco da Gama,LUMINARIA FECHADA,POSTE COMUM,LED,40,13,1.0897684453220506,-91.617165805215,Alerta de lâmpada com defeito
268744780,14.0,Rua,R. MANDACARU,B039867,-8.021605,-34.930287,Alto do Mandu,LUMINARIA ABERTA,POSTE COMUM,LED,120,41,52.50080203368504,28.05073666752449,Alerta
268744788,14.0,Avenida,DA RECUPERACAO,B088276,-7.995728,-34.93877,Córrego do Jenipapo,LUMINARIA FECHADA,POSTE COMUM,LED,70,24,41.188616839754964,71.61923683231235,Alerta de possível roubo de energia
268744869,15.0,Rua,RUA SENADOR ALBERTO PAIVA,B005885D,-8.043644,-34.901252,Graças,LUMINARIA FECHADA,POSTE CIRCULAR,LED,50,17,3.283835111034591,-80.68332287626711,Alerta de lâmpada com defeito
268745018,15.0,Rua,R. PADRE LEMOS,B040873,-8.021939,-34.920299,Casa Amarela,LUMINARIA FECHADA,POSTE COMUM,LED,115,39,60.652638608178435,55.5195861748165,Alerta de possível roubo de energia
268745100,15.0,Rua,DO CAPIBARIBE,B014249,-8.018113,-34.955184,Sítio dos Pintos,LUMINARIA FECHADA,POSTE COMUM,LED,50,17,6.95855281808598,-59.067336364200116,Alerta de lâmpada com defeito
268745404,16.0,Rua,R. GEN. AGUIAR,B032263,-8.035171,-34.914117,Parnamirim,LUMINARIA FECHADA,POSTE COMUM,LED,96,33,59.27643538632771,79.62556177675064,Alerta de possível roubo de energia
268745538,16.0,Rua,GERUSALEM,A058564,-7.977447,-34.917082,Passarinho,LUMINARIA FECHADA,POSTE COMUM,LED,90,31,12.157698532965881,-60.78161763559393,Alerta de lâmpada com defeito
268745659,16.0,Rua,CORR D TELHA,C358872,-7.983434,-34.930086,Passarinho,LUMINARIA FECHADA,POSTE COMUM,LED,55,18,30.947737798706843,71.93187665948247,Alerta de possível roubo de energia
268746063,17.0,Rua,CARDEAL,A058634,-7.980447,-34.917106,Passarinho,LUMINARIA FECHADA,POSTE COMUM,LED,70,24,15.326953817653397,-36.137692426444175,Alerta
268746280,17.0,Rua,R. ANTONIO BATISTA DE SOUZA,B040601D,-8.017751,-34.932579,Macaxeira,GLOBO,POSTE CIRCULAR,LED,55,18,3.0977174143773656,-82.79045880901464,Alerta de lâmpada com defeito
268746344,17.0,Rua,CORREGO DO BOLEIRO,C358437D,-8.001953,-34.932397,Nova Descoberta,LUMINARIA FECHADA,POSTE COMUM,LED,30,10,3.2781218344782515,-67.21878165521748,Alerta de lâmpada com defeito
268746368,17.0,Rua,R. MIRANDA,B040442,-8.022983,-34.921892,Casa Amarela,LUMINARIA FECHADA,POSTE COMUM,LED,70,24,9.194531658757688,-61.68945142184297,Alerta de lâmpada com defeito
268746396,18.0,Rua,R. JOAO DA SILVA TELES,B000666,-8.033889,-34.911384,Parnamirim,LUMINARIA FECHADA,POSTE COMUM,LED,115,39,67.16071791813505,72.2069690208591,Alerta de possível roubo de energia
268746484,18.0,Rua,RUA SANTA IZABEL,B040084D,-8.026831,-34.918604,Casa Amarela,LUMINARIA FECHADA,POSTE COMUM,VAPOR METALICO,150,59,21.496841198584242,-63.564675934602974,Alerta de lâmpada com defeito
268747132,19.0,Rua,NOVE DE MARCO,H033262,-8.008118,-34.933866,Córrego do Jenipapo,LUMINARIA FECHADA,POSTE COMUM,LED,70,24,21.0491915484999,-12.295035214583756,Alerta
268747474,20.0,Rua,R. BATTO SECA,B095983,-8.012127,-34.914532,Alto José Bonifácio,LUMINARIA FECHADA,POSTE COMUM,LED,30,10,7.931002487885639,-20.68997512114361,Alerta
268747868,21.0,Rua,R. ALTO JOSE BONIFACIO,B095692,-8.013096,-34.91335,Alto José Bonifácio,LUMINARIA FECHADA,POSTE COMUM,VAPOR DE SODIO,70,28,31.24073126844959,11.574040244462822,Alerta
268747869,21.0,Rua,R. BATTO SECA,B095977,-8.012313,-34.914364,Alto José Bonifácio,LUMINARIA FECHADA,POSTE COMUM,LED,30,10,0.9797096012494411,-90.2029039875056,Alerta de lâmpada com defeito
268747902,21.0,Rua,R. DR. ALTO CAETE,B045171,-8.003392,-34.929522,Nova Descoberta,LUMINARIA FECHADA,POSTE COMUM,LED,55,18,0.6107268727537978,-96.60707292914556,Alerta de lâmpada com defeito
268747993,21.0,Rua,R. DOLORES SALGADO,B032491,-8.016882,-34.931335,Apipucos,LUMINARIA FECHADA,POSTE COMUM,LED,96,33,57.86840083315535,75.35879040350105,Alerta de possível roubo de energia
268748032,21.0,Rua,CORREGO DO MARRECO,C359364,-7.997364,-34.938219,Córrego do Jenipapo,LUMINARIA FECHADA,POSTE COMUM,LED,55,18,27.50658162910031,52.81434238389061,Alerta de possível roubo de energia
268748243,22.0,Rua,FREI DAMIAO,H028976,-7.988153,-34.922754,Passarinho,LUMINARIA FECHADA,POSTE COMUM,LED,96,33,12.195540868415126,-63.0438155502572,Alerta de lâmpada com defeito
268749372,25.0,Rua,JOSE IDAULINO,B093578,-7.994373,-34.937124,Brejo da Guabiraba,LUMINARIA FECHADA,POSTE COMUM,LED,70,24,45.886962286194795,91.19567619247832,Alerta de possível roubo de energia
268749754,27.0,Rua,R. SABINO DE SOUZA CASTRO,B023455,-8.023939,-34.913431,Casa Amarela,LUMINARIA FECHADA,POSTE COMUM,LED,70,24,42.93959217213748,78.91496738390616,Alerta de possível roubo de energia
268749930,27.0,Rua,R. NOVA DESCOBERTA,B046409,-8.013775,-34.925309,Nova Descoberta,LUMINARIA ABERTA,POSTE COMUM,LED,55,18,32.38825409454172,79.93474496967623,Alerta de possível roubo de energia
268749946,27.0,Rua,CORREGO DO JOAQUIM,B075614,-7.999927,-34.932248,Nova Descoberta,LUMINARIA FECHADA,POSTE COMUM,LED,30,10,19.848677273080977,98.48677273080978,Alerta de possível roubo de energia
268750235,29.0,Rua,R. ENG. JAIR FURTADO MEIRELLES,B032572,-8.040029,-34.921715,Poço,LUMINARIA FECHADA,POSTE COMUM,LED,70,24,13.917401268066858,-42.010828049721425,Alerta
268750250,29.0,Rua,EUGENIO SAMICO,B003502D,-8.023634,-34915.0,Casa Amarela,LUMINARIA FECHADA,POSTE COMUM,LED,70,24,11.48487605491867,-52.146349771172204,Alerta de lâmpada com defeito
268750556,30.0,Rua,XAVANTINA,B086652,-7.994059,-34.928551,Brejo da Guabiraba,LUMINARIA FECHADA,POSTE COMUM,LED,96,33,19.924315134093,-39.623287472445455,Alerta
268750704,31.0,Rua,RUA DA HARMONIA,B003024,-8.023906,-34.912556,Casa Amarela,LUMINARIA FECHADA,POSTE COMUM,LED,96,33,8.800248314952142,-73.33258086378139,Alerta de lâmpada com defeito
268750739,31.0,Rua,URUGUAIANA,A059465,-7.985335,-34.924369,Passarinho,LUMINARIA ABERTA,POSTE CIRCULAR,LED,70,24,40.35266380053191,68.13609916888295,Alerta de possível roubo de energia
268750953,32.0,Rua,R. ENGENHO PAROL,B093299,-8.00901,-34.91465,Vasco da Gama,LUMINARIA FECHADA,POSTE COMUM,LED,70,24,12.272281387654997,-48.865494218104175,Alerta
268751194,33.0,Rua,R. SUPIA,B039742,-8.011445,-34.920746,Vasco da Gama,LUMINARIA FECHADA,POSTE COMUM,LED,30,10,3.7387752839511856,-62.612247160488145,Alerta de lâmpada com defeito
268751236,33.0,Rua,CORREGO DO INACIO,B086893,-7.996597,-34.930699,Nova Descoberta,LUMINARIA FECHADA,POSTE COMUM,LED,90,31,12.940365483951762,-58.25688553563948,Alerta de lâmpada com defeito
268751334,34.0,Rua,R. QUINZE DE JUNHO,B094065,-8.016165,-34.918504,Vasco da Gama,LUMINARIA FECHADA,POSTE COMUM,LED,55,18,31.695712124131624,76.08728957850902,Alerta de possível roubo de energia
268751990,39.0,Rua,GOMES COUTINHO,C357814,-8.029302,-34.905538,Tamarineira,LUMINARIA FECHADA,POSTE COMUM,LED,70,24,27.623150738539724,15.096461410582185,Alerta
268752245,41.0,Rua,R. ALTO JOSE BONIFACIO,B095996,-8.008889,-34.912681,Alto José Bonifácio,LUMINARIA FECHADA,POSTE COMUM,LED,40,13,7.442390959122247,-42.750838775982714,Alerta
268752295,41.0,Rua,R. IDA,C358792,-8.011674,-34.926875,Macaxeira,LUMINARIA FECHADA,POSTE COMUM,LED,30,10,1.0290277121610103,-89.7097228783899,Alerta de lâmpada com defeito
268752664,46.0,Praca,DO DERBY,B009040D,-8.057261,-34.899024,Derby,LAMPI?O,POSTE CIRCULAR,LED,60,20,16.504017723877354,-17.47991138061323,Alerta
268753069,52.0,Rua,CORREGO DA LOIRA,B093553,-7.997787,-34.935172,Brejo da Guabiraba,LUMINARIA ABERTA,POSTE COMUM,LED,70,24,8.102901078172424,-66.23791217428156,Alerta de lâmpada com defeito
268753185,55.0,Rua,R. SOBRAL PINTO,B046154,-8.003621,-34.925728,Nova Descoberta,LUMINARIA FECHADA,POSTE COMUM,LED,70,24,17.951604382999626,-25.201648404168225,Alerta
268830814,1.0,Rua,LEOPOLDO LINS,B026506,-8.049292,-34.891716,Boa Vista,LUMINARIA FECHADA,POSTE COMUM,LED,96,33,3.5431367542995957,-89.26322195666789,Alerta de lâmpada com defeito
268832155,3.0,Rua,ARLINDO MELO,B030526,-8.038612,-34.873252,Santo Amaro,LUMINARIA FECHADA,POSTE COMUM,LED,70,24,30.583396110255347,27.430817126063943,Alerta
268832315,3.0,Rua,DR JOSE MARIANO,B023737,-8.066215,-34.889099,Coelhos,LUMINARIA FECHADA,POSTE COMUM,LED,90,31,36.409073416575836,17.44862392443818,Alerta
268832377,3.0,Rua,AV. CENTRAL,B018221,-8.075283,-34.902299,São José,LUMINARIA FECHADA,POSTE COMUM,LED,72,24,3.3645854086437197,-85.98089413065117,Alerta de lâmpada com defeito
268832582,3.0,Avenida,MARTINS DE BARROS,B017398,-8.06298,-34.87639,Santo Antônio,LUMINARIA FECHADA,POSTE COMUM,LED,115,39,26.751808290978808,-31.405619766721003,Alerta
268832738,4.0,Rua,JOAO LIRA,B026225,-8.054462,-34.883414,Santo Amaro,LUMINARIA FECHADA,POSTE COMUM,LED,96,33,38.89206352489352,17.854737954222795,Alerta
268832924,4.0,Rua,DR JOSE MARIANO,B024360,-8.065027,-34.885533,Coelhos,LUMINARIA FECHADA,POSTE COMUM,LED,90,31,18.703731883313623,-39.665381021568955,Alerta
268833128,4.0,Rua,MARQUES DE HERVEL,B016459,-8.066105,-34.880471,Santo Antônio,LUMINARIA FECHADA,POSTE COMUM,LED,70,24,44.0257491364535,83.44062140188959,Alerta de possível roubo de energia
268833292,4.0,Avenida,MILITAR,B017634D,-8.054539,-34.871934,Recife,PÉTALA,POSTE CIRCULAR,LED,168,57,23.069430031079854,-59.52731573494763,Alerta de lâmpada com defeito
268833849,6.0,Rua,BARROS BARRETO,B021703,-8.044697,-34.886727,Santo Amaro,LUMINARIA FECHADA,POSTE COMUM,LED,70,24,47.93958840892052,99.74828503716884,Alerta de possível roubo de energia
268834148,6.0,Rua,DONA LEONOR PORTO,B030141,-8.043797,-34.874053,Santo Amaro,LUMINARIA FECHADA,POSTE COMUM,LED,150,51,24.120212327880935,-52.70546602376287,Alerta de lâmpada com defeito
268834199,6.0,Rua,NOVA,B016256,-8.064233,-34.879687,Santo Antônio,LUMINARIA FECHADA,POSTE COMUM,LED,72,24,37.283869528419345,55.34945636841394,Alerta de possível roubo de energia
268834619,7.0,Avenida,MARIO MELO,B030371,-8.053404,-34.88113,Santo Amaro,LUMINARIA FECHADA,POSTE COMUM,LED,150,51,65.76453550444427,28.95006961655739,Alerta
268834807,7.0,Avenida,MARTINS DE BARROS,B019320D,-8.061829,-34.876041,Santo Antônio,LAMPI?O,POSTE CIRCULAR,LED,60,20,30.312757546143207,51.56378773071604,Alerta de possível roubo de energia
268834996,8.0,Avenida,CAIS DO APOLO,B017643D,-8.058259,-34.872508,Recife,LUMINARIA ABERTA,POSTE CIRCULAR,LED,168,57,101.49598370485299,78.06312930675962,Alerta de possível roubo de energia
268835494,9.0,Avenida,CRUZ CABUGA,B035326D,-8.047395,-34.876896,Santo Amaro,LUMINARIA FECHADA,POSTE COMUM,LED,150,51,8.801865733481733,-82.74143973827111,Alerta de lâmpada com defeito
268835515,9.0,Praca,MIGUEL DE CERVANTES,B023962,-8.066777,-34.893407,Coelhos,LUMINARIA FECHADA,POSTE COMUM,LED,70,24,6.76647887448981,-71.80633802295912,Alerta de lâmpada com defeito
268835522,9.0,Rua,DA AURORA,B019789D,-8.062548,-34.881894,Santo Antônio,GLOBO,POSTE CIRCULAR,LED,70,24,26.50890480513297,10.453770021387381,Alerta
268835536,9.0,Rua,PADRE FLORIANO,B015350D,-8.069954,-34.880176,São José,LAMPI?O,POSTE CIRCULAR,LED,75,25,10.741093732546208,-57.03562506981517,Alerta de lâmpada com defeito
268835550,9.0,Rua,ITUBERA,B035649,-8.043862,-34.878127,Santo Amaro,LUMINARIA FECHADA,POSTE COMUM,LED,72,24,14.10168715623363,-41.24297018235987,Alerta
268835582,9.0,Rua,DO PEIXOTO,B016198,-8.07126,-34.883473,São José,LUMINARIA FECHADA,POSTE COMUM,LED,70,24,9.142871408590814,-61.904702464204945,Alerta de lâmpada com defeito
268835672,10.0,Avenida,AGAMENON MAGALHAES,B030925,-8.041023,-34.879237,Santo Amaro,LUMINARIA FECHADA,POSTE COMUM,LED,72,24,45.77752097230358,90.73967071793157,Alerta de possível roubo de energia
268835717,10.0,Avenida,NORTE MIGUEL ARRAES DE ALENCAR,B082214D,-8.045986,-34.878685,Santo Amaro,LUMINARIA FECHADA,POSTE CIRCULAR,LED,58,19,0.3044642963412798,-98.3975563350459,Alerta de lâmpada com defeito
268836148,11.0,Rua,DA GLORIA,B024358,-8.064093,-34.886002,Boa Vista,LUMINARIA FECHADA,POSTE COMUM,LED,96,33,28.47592655435011,-13.709313471666333,Alerta
268836495,12.0,Rua,MADRE DE DEUS,B017853D,-8.062503,-34.873541,Recife,LUMINARIA FECHADA,POSTE CIRCULAR,LED,60,20,37.91863017154982,89.59315085774911,Alerta de possível roubo de energia
268836715,13.0,Rua,NUMA POMPILHO,B021026,-8.044752,-34.881456,Santo Amaro,LUMINARIA FECHADA,POSTE COMUM,LED,80,27,11.547845856670579,-57.23020053084971,Alerta de lâmpada com defeito
268837062,14.0,Avenida,MARIO MELO,B023182,-8.05568,-34.881221,Santo Amaro,LUMINARIA FECHADA,POSTE COMUM,LED,96,33,10.82290279499362,-67.2033248636557,Alerta de lâmpada com defeito
268837213,15.0,Rua,BUARQUE MACEDO,B035646,-8.045363,-34.877515,Santo Amaro,LUMINARIA FECHADA,POSTE COMUM,LED,72,24,15.706711019236506,-34.55537075318122,Alerta
268837296,15.0,Avenida,ALFREDO LISBOA,B017469D,-8.064989,-34.872196,Recife,LUMINARIA FECHADA,POSTE CIRCULAR,LED,150,51,13.582046706645514,-73.36853586932253,Alerta de lâmpada com defeito
268837658,17.0,Rua,JOSE PENANTE,B029797,-8.044589,-34.878801,Santo Amaro,LUMINARIA FECHADA,POSTE COMUM,LED,72,24,45.51066968477844,89.62779035324351,Alerta de possível roubo de energia
268837776,17.0,Avenida,MARTINS DE BARROS,B015273D,-8.064117,-34.876084,Santo Antônio,LAMPI?O,POSTE CIRCULAR,LED,60,20,26.92519713617727,34.62598568088636,Alerta
268837976,18.0,Avenida,DANTAS BARRETO,C017228D,-8.064182,-34.878323,Santo Antônio,LUMINARIA FECHADA,POSTE CIRCULAR,LED,150,51,0.04420323520533742,-99.91332698979346,Alerta de lâmpada com defeito
268838113,19.0,Avenida,MARQUES DE OLINDA,B015611D,-8.063483,-34.872737,Recife,LUMINARIA FECHADA,POSTE CIRCULAR,LED,30,10,8.139621199585488,-18.603788004145123,Alerta
268838275,20.0,Rua,MADRE DE DEUS,B017853D,-8.06262,-34.873106,Recife,LUMINARIA FECHADA,POSTE CIRCULAR,LED,60,20,1.2801448056363611,-93.5992759718182,Alerta de lâmpada com defeito
268838373,21.0,Rua,TREZE DE MAIO,B021090,-8.046336,-34.879798,Santo Amaro,LUMINARIA FECHADA,POSTE COMUM,LED,80,27,39.00779433770232,44.47331236186045,Alerta
268839540,31.0,Ponte,DO LIMOEIRO,B030822D,-8.050532,-34.873006,Santo Amaro,LAMPI?O,POSTE CIRCULAR,LED,100,34,60.78362904535052,78.7753795451486,Alerta de possível roubo de energia
268839736,34.0,Rua,FREI CASSIMIRO,B021049,-8.045144,-34.882583,Santo Amaro,LUMINARIA FECHADA,POSTE COMUM,LED,90,31,26.649696469252046,-14.033237195961142,Alerta
268839966,38.0,Avenida,IMPERIAL,B018565,-8.076713,-34.894672,São José,LUMINARIA FECHADA,POSTE COMUM,LED,150,51,59.209277074742495,16.096621715181364,Alerta
268840081,41.0,Praca,DA AURORA,B021774D,-8.050426,-34.873776,Santo Amaro,GLOBO,POSTE CIRCULAR,LED,75,25,33.797877873467606,35.19151149387042,Alerta
268840298,47.0,Praca,DO BRUM,H003047D,-8.058599,-34.872145,Recife,PÉTALA,POSTE CIRCULAR,LED,96,33,39.72554520606344,20.380440018374053,Alerta
268840733,90.0,Praca,DA AURORA,B023148D,-8.055054,-34.876546,Santo Amaro,GLOBO,POSTE CIRCULAR,LED,75,25,12.215708855262347,-51.13716457895061,Alerta de lâmpada com defeito
268840877,129.0,Avenida,ENG JOSE ESTELITA,H017815D,-8.07466,-34.88425,São José,GLOBO,POSTE CIRCULAR,VAPOR DE SODIO,70,28,53.49874554728486,91.06694838316022,Alerta de possível roubo de energia
268999512,30.0,Avenida,MAL. MASCARENHAS DE MORAIS,B024500D,-8.139645,-34.917494,Ibura,LUMINARIA FECHADA,POSTE CIRCULAR,LED,180,62,13.363391913107122,-78.44614207563367,Alerta de lâmpada com defeito
268999513,31.0,Avenida,MAL. MASCARENHAS DE MORAIS,B024500D,-8.139877,-34.917538,Ibura,LUMINARIA FECHADA,POSTE CIRCULAR,LED,180,62,82.76663653042677,33.49457504907543,Alerta
269503967,56.0,Rua,DESENBARGADO MEDEIROS CORREIA,ILEGIVEL,-8.074122,-34.91682,Mustardinha,LUMINARIA FECHADA,POSTE COMUM,LED,96,33,29.192394650808048,-11.538198027854401,Alerta
270191828,22.0,Rua,GARCIA,INEXISTENTE,-8.081945,-34.970676,Totó,LUMINARIA FECHADA,POSTE COMUM,LED,72,24,42.82037173621013,78.41821556754219,Alerta de possível roubo de energia
270625288,3.0,Rua,R CAMPO LARGO,H041710,-8.083585,-34.915047,Afogados,LUMINARIA FECHADA,POSTE COMUM,LED,70,24,47.17000831204414,96.54170130018392,Alerta de possível roubo de energia
270734270,20.0,Rua,RECIFE,B069293,-8.110513,-34.95589,Barro,LUMINARIA FECHADA,POSTE COMUM,LED,40,13,23.24756858352937,78.82745064253362,Alerta de possível roubo de energia
270809644,5.0,Rua,QUERIDA,B097178,-8.069159,-34.946238,Curado,LUMINARIA FECHADA,POSTE COMUM,LED,115,39,45.217410434265574,15.942078036578394,Alerta
271655535,44.0,Rua,IBATEGUARA,B085938D,-8.024047,-34.962203,Várzea,LUMINARIA FECHADA,POSTE COMUM,LED,90,31,39.56134729318488,27.617249332854456,Alerta
271848156,41.0,Rua,JOSE MUCIO MONTEIRO,B054672D,-8.061143,-34.904994,Madalena,LUMINARIA FECHADA,POSTE CIRCULAR,LED,215,74,104.3390579342587,40.99872693818744,Alerta
272115910,19.0,Rua,RUA ARARANGUA,B053671D,-8.058622,-34.930376,Cordeiro,LUMINARIA FECHADA,POSTE COMUM,LED,96,33,55.54302831876004,68.31220702654556,Alerta de possível roubo de energia
272234419,7.0,Rua,RUA PROF ARTUR COUTINHO 565,H041580,-8.056173,-34.937422,Torrões,LUMINARIA FECHADA,POSTE COMUM,LED,72,24,0.01242779742261746,-99.94821751073908,Alerta de lâmpada com defeito
272290005,37.0,Viaduto,CAXANGA,B037148D,-8.041972,-34.936246,Iputinga,LUMINARIA FECHADA,POSTE CIRCULAR,LED,60,20,38.51285487095136,92.56427435475679,Alerta de possível roubo de energia
272426684,52.0,Praca,DO DERBY,B009254D,-8.05819,-34.900684,Derby,LUMINARIA FECHADA,POSTE CIRCULAR,LED,60,20,36.24941406039352,81.2470703019676,Alerta de possível roubo de energia
272426702,70.0,Praca,DO DERBY,B009254D,-8.058019,-34.900437,Derby,PISO DECORATIVO,POSTE CIRCULAR,LED,25,8,2.9388437249978754,-63.264453437526555,Alerta de lâmpada com defeito
272430684,40.0,Rua,RUA EDVALDO MARANHAO FERREIRA,B052922D,-8.05822,-34.937505,Torrões,REFLETOR,POSTE CIRCULAR,LED,240,82,93.78050556831059,14.366470205256816,Alerta
272558484,36.0,Rua,SEVERINO BERNAEDINO PEREIRA,INEXISTENTE,-8.022488,-34.903962,Alto José do Pinho,LUMINARIA FECHADA,POSTE COMUM,LED,30,10,18.94780761639229,89.47807616392289,Alerta de possível roubo de energia
272563407,33.0,Viaduto,R. PROF. JULIO OLIVEIRA,B031309D,-8.038437,-34.941894,Iputinga,LUMINARIA FECHADA,POSTE CIRCULAR,LED,174,59,83.51145968242045,41.5448469193567,Alerta
272577048,35.0,Rua,JOAO FRANCISCO LISBOA,B066490D,-8.052514,-34.956441,Várzea,PÉTALA,POSTE COMUM,LED,70,24,33.40645337627484,39.193555734478494,Alerta
272615130,4.0,Rodovia,BR 101,U096933D,-8.049327,-34.945589,Cidade Universitária,PÉTALA,POSTE CIRCULAR,LED,60,20,33.560748943357666,67.80374471678833,Alerta de possível roubo de energia
272780937,40.0,Avenida,AV. NORTE MIGUEL ARRAES DE ALENCAR,B003534D,-8.024437,-34.910676,Alto José do Pinho,PÉTALA,POSTE CIRCULAR,LED,180,62,2.906020715677677,-95.3128698134231,Alerta de lâmpada com defeito
272949771,47.0,Rua,R. ROSA DE SARON,B039497D,-8.01013,-34.922288,Vasco da Gama,LAMPI?O,POSTE CIRCULAR,LED,50,17,13.822881048005268,-18.68893501173372,Alerta
272949791,67.0,Rua,R. ROSA DE SARON,B039497D,-8.010614,-34.922264,Vasco da Gama,LUMINARIA FECHADA,POSTE CIRCULAR,LED,120,41,10.323420818187124,-74.82092483368994,Alerta de lâmpada com defeito
272949803,79.0,Rua,R. ROSA DE SARON,B039494,-8.010858,-34.922128,Vasco da Gama,LUMINARIA FECHADA,POSTE COMUM,LED,40,13,5.552982052864351,-57.28475343950499,Alerta de lâmpada com defeito
273170592,27.0,Rua,LUCELIA,B094471D,-8.019424,-34.913701,Morro da Conceição,LUMINARIA FECHADA,POSTE COMUM,LED,70,24,28.465853869526573,18.60772445636072,Alerta
273343675,14.0,Rua,PRACA DA CONCEICAO,B086992,-8.020269,-34.915967,Morro da Conceição,LUMINARIA FECHADA,POSTE COMUM,LED,50,17,2.5807590792705,-84.8190642395853,Alerta de lâmpada com defeito
273397733,36.0,Rodovia,MARIO COVAS,B031364D,-8.019603,-34.942453,Dois Irmãos,LUMINARIA FECHADA,POSTE CIRCULAR,LED,174,59,27.114490008518207,-54.043237273697954,Alerta de lâmpada com defeito
273545757,40.0,Rua,R. MARAU,B040520,-8.011221,-34.923506,Nova Descoberta,LUMINARIA FECHADA,POSTE COMUM,LED,70,24,47.36813388981734,97.36722454090557,Alerta de possível roubo de energia
274006899,23.0,Avenida,CHAGAS FERREIRA,INEXISTENTE,-7.993223,-34.924309,Passarinho,LUMINARIA FECHADA,POSTE CIRCULAR,LED,90,31,44.51768986620295,43.605451181299834,Alerta
274008123,1.0,Estrada,BELEM,B026054,-8.032325,-34.880172,Campo Grande,LUMINARIA FECHADA,POSTE COMUM,LED,96,33,54.39505963849629,64.83351405604937,Alerta de possível roubo de energia
274008489,2.0,Rua,CHAGAS FERREIRA,B092776,-8.006624,-34.907173,Dois Unidos,LUMINARIA FECHADA,POSTE COMUM,LED,72,24,31.751106121137013,32.29627550473755,Alerta
274008658,2.0,Rua,URIEL DE HOLANDA,B092746,-8.008423,-34.904309,Linha do Tiro,LUMINARIA FECHADA,POSTE COMUM,LED,72,24,13.632703851311241,-43.197067286203165,Alerta
274009247,3.0,Rua,MAL DEODORO,B027832,-8.037657,-34.886212,Encruzilhada,LUMINARIA FECHADA,POSTE COMUM,LED,96,33,9.02906594060931,-72.63919411936573,Alerta de lâmpada com defeito
274010256,5.0,Estrada,DE BELEM,E002429,-8.035868,-34.889588,Encruzilhada,LUMINARIA FECHADA,POSTE COMUM,LED,72,24,11.801932829920164,-50.825279875332654,Alerta de lâmpada com defeito
274010276,5.0,Rua,VOLUNTARIO D PATRIA,A016057,-8.026535,-34.883419,Campo Grande,LUMINARIA FECHADA,POSTE COMUM,LED,55,18,10.29081541447081,-42.82880325293995,Alerta
274010449,5.0,Rua,AMARO COUTINHO,B013137,-8.034378,-34.89415,Encruzilhada,LUMINARIA FECHADA,POSTE COMUM,LED,96,33,28.190071606465153,-14.575540586469232,Alerta
274010829,6.0,Travessa,ANIBAL BANEVOLO,B015547,-8.011195,-34.902724,Água Fria,LUMINARIA ABERTA,POSTE COMUM,LED,55,18,24.43970218940635,35.77612327447973,Alerta
274011211,7.0,Rua,PEDRO BOSCO,B023208,-8.036104,-34.881204,Campo Grande,LUMINARIA ABERTA,POSTE COMUM,LED,55,18,10.900382265049423,-39.44232074972543,Alerta
274011437,7.0,Rua,COSTA PINTO,A024920,-8.030999,-34.891095,Encruzilhada,LUMINARIA FECHADA,POSTE COMUM,LED,70,24,35.74870415815991,48.95293399233296,Alerta
274011705,8.0,Avenida,HIDELBRANDO DE VASCONCELOS,A019076D,-8.000066,-34.902839,Dois Unidos,LUMINARIA FECHADA,POSTE COMUM,LED,70,24,13.368284907474385,-44.2988128855234,Alerta
274011737,8.0,Rua,GUAIANASES,B033923,-8.036667,-34.877535,Campo Grande,LUMINARIA FECHADA,POSTE COMUM,LED,40,13,11.573176052200717,-10.975568829225256,Alerta
274011978,8.0,Rua,ALTO SANTA TEREZINHA - RUA ALTO DO BRASIL,B096076,-8.015424,-34.908211,Alto Santa Terezinha,LUMINARIA FECHADA,POSTE COMUM,LED,40,13,0.011607549706393883,-99.91071115610465,Alerta de lâmpada com defeito
274012691,10.0,Avenida,ANIBAL BENEVOLO,B011160,-8.008299,-34.895149,Água Fria,LUMINARIA FECHADA,POSTE COMUM,LED,50,17,33.3217652738529,96.01038396384057,Alerta de possível roubo de energia
274012793,10.0,Rua,CORREGO DEODATO,B015424,-8.012327,-34.903524,Água Fria,LUMINARIA FECHADA,POSTE COMUM,LED,55,18,34.616695379739014,92.3149743318834,Alerta de possível roubo de energia
274013160,11.0,Rua,ALTO DO PEREIRINHA,H031758,-8.014359,-34.89629,Água Fria,LUMINARIA FECHADA,POSTE COMUM,LED,70,24,10.704415061355583,-55.39827057768507,Alerta de lâmpada com defeito
274013892,12.0,Rua,JOSE BENTO BATISTA,A016618,-8.024319,-34.876765,Campo Grande,LUMINARIA FECHADA,POSTE COMUM,VAPOR DE SODIO,70,28,54.19398570981214,93.54994896361478,Alerta de possível roubo de energia
274014308,13.0,Rua,JOSE BENTO BATISTA,A015350,-8.022811,-34.874967,Campo Grande,LUMINARIA FECHADA,POSTE COMUM,LED,70,24,11.358266986876222,-52.67388755468241,Alerta de lâmpada com defeito
274014413,14.0,Rua,NOVA,B026779,-8.039143,-34.882251,Campo Grande,LUMINARIA FECHADA,POSTE COMUM,LED,90,31,35.50300235142213,14.525814036845588,Alerta
274014573,14.0,Rua,R. PARANATAMA,A027614,-8.016195,-34.886643,Fundão,LUMINARIA FECHADA,POSTE COMUM,LED,40,13,9.344546716838998,-28.118871408930783,Alerta
274014699,14.0,Travessa,JOSE BENTO BATISTA,A016608,-8.023303,-34.877515,Campo Grande,LUMINARIA FECHADA,POSTE COMUM,LED,70,24,29.915431746603847,24.64763227751603,Alerta
274014811,15.0,Avenida,ANIBAL BENEVOLO,B013274,-8.008281,-34.893744,Porto da Madeira,LUMINARIA FECHADA,POSTE COMUM,LED,70,24,11.04957233772014,-53.96011525949942,Alerta de lâmpada com defeito
274015945,18.0,Avenida,BEBERIBE,A035517,-8.036516,-34.89113,Encruzilhada,LUMINARIA FECHADA,POSTE COMUM,LED,96,33,6.335630699428425,-80.80111909264114,Alerta de lâmpada com defeito
274016031,18.0,Rua,R. FARIAS NEVES,E009692,-8.021756,-34.876394,Campo Grande,LUMINARIA FECHADA,POSTE COMUM,LED,70,24,5.812651648434951,-75.78061813152104,Alerta de lâmpada com defeito
274016153,19.0,Estrada,DE BELEM,B026073D,-8.032202,-34.877084,Campo Grande,LUMINARIA FECHADA,POSTE CIRCULAR,LED,40,13,11.3214693185003,-12.911774473074614,Alerta
274016284,19.0,Rua,ALTO SANTA TEREZINHA - RUA ALTO DO BRASIL,B096461,-8.015351,-34.90894,Alto Santa Terezinha,LUMINARIA FECHADA,POSTE COMUM,LED,70,24,18.24617484138759,-23.974271494218378,Alerta
274016294,19.0,Avenida,ALTO DO BRASIL,B096798,-8.017684,-34.909081,Alto Santa Terezinha,LUMINARIA FECHADA,POSTE COMUM,LED,30,10,8.377435008542957,-16.225649914570432,Alerta
274016352,20.0,Rua,DIVISOPOLES,B577258D,-7.996547,-34.916354,Dois Unidos,REFLETOR,POSTE COMUM,LED,120,41,45.52191239741042,11.029054627830288,Alerta
274017025,22.0,Rua,R. AQUILINA,A030544,-8.015934,-34.888673,Fundão,LUMINARIA FECHADA,POSTE COMUM,LED,50,17,23.65060412973625,39.12120076315442,Alerta
274017090,22.0,Rua,21 DE JUNHO,A019661,-7.993266,-34.913713,Dois Unidos,REFLETOR,POSTE COMUM,VAPOR DE SODIO,70,28,23.8921957408536,-14.670729496951424,Alerta
274017186,23.0,Rua,FREDERICO,A024961,-8.033503,-34.888655,Hipódromo,LUMINARIA FECHADA,POSTE COMUM,LED,70,24,9.693946908684262,-59.608554547148906,Alerta de lâmpada com defeito
274017804,26.0,Rua,BASTOS RIBEIRO,B000926,-8.02214,-34.898062,Bomba do Hemetério,LUMINARIA ABERTA,POSTE COMUM,VAPOR DE SODIO,70,28,43.84237900449849,56.579925016066035,Alerta de possível roubo de energia
274018321,30.0,Rua,FREI JORGE,B095568,-8.007844,-34.911098,Linha do Tiro,LUMINARIA FECHADA,POSTE COMUM,LED,70,24,35.49135162748648,47.880631781193664,Alerta
274018757,34.0,Avenida,BEBERIBE,A025909,-8.009616,-34.888991,Porto da Madeira,LUMINARIA FECHADA,POSTE CIRCULAR,LED,115,39,27.912622492427637,-28.429173096339394,Alerta
274018979,37.0,Rua,R. SAGRADA FAMILIA,E009646,-8.021688,-34.882165,Arruda,LUMINARIA FECHADA,POSTE COMUM,LED,72,24,7.409292136474846,-69.1279494313548,Alerta de lâmpada com defeito
274019128,40.0,Travessa,BURITIS,B013943,-8.010647,-34.895121,Água Fria,LUMINARIA FECHADA,POSTE COMUM,LED,70,24,44.93299690097137,87.22082042071403,Alerta de possível roubo de energia
274158158,4.0,Avenida,AVENIDA VEREADOR OTACILIO AZEVEDO,B088626,-8.003999,-34.917068,Brejo de Beberibe,LUMINARIA FECHADA,POSTE COMUM,LED,70,24,5.004141818277041,-79.14940909051232,Alerta de lâmpada com defeito
274207670,14.0,Rua,NOVA,H032182D,-8.039796,-34.88141,Campo Grande,LUMINARIA FECHADA,POSTE COMUM,LED,40,13,2.1541826976097163,-83.42936386454063,Alerta de lâmpada com defeito
274228299,63.0,Avenida,AGAMENOM MAGALHAES,B026596D,-8.051856,-34.89524,Graças,BRA?O ORNAMENTAL,POSTE CIRCULAR,LED,171,58,114.54470599711624,97.4908724088211,Alerta de possível roubo de energia
274399311,2.0,Rua,PIRANGI,H040865,-8.015161,-34.880908,Campina do Barreto,LUMINARIA FECHADA,POSTE COMUM,LED,70,24,5.8587887597244865,-75.58838016781463,Alerta de lâmpada com defeito
274399439,8.0,Avenida,SEBASTIAO SALAZAR,H042200,-8.012257,-34.882597,Cajueiro,LUMINARIA FECHADA,POSTE COMUM,LED,96,33,12.720481018277237,-61.453087823402306,Alerta de lâmpada com defeito
274447640,23.0,Rua,R VICENTE AMORIM,B011369,-8.022876,-34.895854,Água Fria,LUMINARIA FECHADA,POSTE COMUM,LED,96,33,5.754851121047828,-82.56105720894598,Alerta de lâmpada com defeito
274474131,103.0,Avenida,NORTE MIGUEL ARRAES DE ALENCAR,B040322D,-8.015682,-34.931499,Macaxeira,LAMPI?O,POSTE CIRCULAR,LED,50,17,24.285404973987895,42.855323376399376,Alerta
274474237,209.0,Avenida,NORTE MIGUEL ARRAES DE ALENCAR,B040322D,-8.016613,-34.93271,Macaxeira,REFLETOR,POSTE CIRCULAR,LED,120,41,30.21609797290092,-26.30220006609532,Alerta
274474243,215.0,Avenida,NORTE MIGUEL ARRAES DE ALENCAR,B040322D,-8.01583,-34.932752,Macaxeira,REFLETOR,POSTE CIRCULAR,LED,120,41,68.38472408399741,66.7920099609693,Alerta de possível roubo de energia
274646498,28.0,Rua,DOUTOR TRINDADE HENRRIQUE,E022179D,-8.006214,-34.891334,Porto da Madeira,LUMINARIA FECHADA,POSTE COMUM,LED,50,17,11.122520404435345,-34.57340938567444,Alerta
274660222,19.0,Rua,BOMBA DO HEMETERIO,B011235,-8.023846,-34.898533,Bomba do Hemetério,LUMINARIA FECHADA,POSTE COMUM,LED,90,31,42.50119968253112,37.10064413719717,Alerta
275042577,69.0,Parque,SANTANA,B033455D,-8.042348,-34.916413,Santana,PÉTALA,POSTE CIRCULAR,LED,60,20,32.88287707815634,64.4143853907817,Alerta de possível roubo de energia
275074225,9.0,Rua,1A TRAVESS ANTONIO MEIRA PR TRAV,H042329,-8.016624,-34.903545,Água Fria,LUMINARIA FECHADA,POSTE COMUM,LED,40,13,15.61029078353782,20.07915987336785,Alerta
275074274,27.0,Rua,R URANIA,H042355,-8.01488,-34.903115,Água Fria,LUMINARIA FECHADA,POSTE COMUM,LED,50,17,30.113438876465494,77.13787574391468,Alerta de possível roubo de energia
275370221,21.0,Rua,VISCONDE DE ALCANTARA,B092638,-8.006148,-34.901065,Linha do Tiro,LUMINARIA FECHADA,POSTE COMUM,LED,72,24,39.80843876926237,65.86849487192653,Alerta de possível roubo de energia
275431773,26.0,Rua,FREI CASSIMIRO,B021019,-8.044109,-34.883721,Santo Amaro,LUMINARIA FECHADA,POSTE COMUM,LED,40,13,2.2948419275988456,-82.34736978770118,Alerta de lâmpada com defeito
275626763,4.0,Avenida,ODORICO MENDES,B023201,-8.035493,-34.880705,Campo Grande,LUMINARIA FECHADA,POSTE COMUM,LED,70,24,6.055796582355239,-74.7675142401865,Alerta de lâmpada com defeito
275888814,20.0,Avenida,CONDE DA BOA VISTA,H038173,-8.056534,-34.893061,Boa Vista,CANTEIRO CENTRAL,POSTE CIRCULAR,LED,150,51,18.977433451695177,-62.78934617314671,Alerta de lâmpada com defeito
275891509,9.0,Rua,DR PEIXOTO,B018852D,-8.051501,-34.871368,Recife,LUMINARIA FECHADA,POSTE COMUM,LED,115,39,27.333354815723077,-29.914474831479293,Alerta
276156940,7.0,Avenida,CONDE DA BOA VISTA,H014082D,-8.060316,-34.884778,Boa Vista,LUMINARIA FECHADA,POSTE CIRCULAR,LED,150,51,93.06278828277789,82.47605545642723,Alerta de possível roubo de energia
276322097,17.0,Rua,SIQUEIRA CAMPOS,INEXISTENTE,-8.063398,-34.879229,Santo Antônio,LUMINARIA FECHADA,POSTE CIRCULAR,LED,150,51,96.07531508023384,88.38297074555655,Alerta de possível roubo de energia
276341954,24.0,Rua,FERNANDO VIEIRA,B025784,-8.051956,-34.893587,Boa Vista,LUMINARIA FECHADA,POSTE COMUM,LED,96,33,18.60579634015886,-43.618798969215575,Alerta
276448136,15.0,Rua,EPAMINONDAS DE MELO,B009111D,-8.060311,-34.89794,Paissandu,LUMINARIA FECHADA,POSTE CIRCULAR,LED,171,58,1.8172957871409352,-96.86673140148115,Alerta de lâmpada com defeito
276833742,19.0,Rua,VIA DE ACESSO ESTACAO JOANA BEZERRA,H041733D,-8.072745,-34.894365,Ilha Joana Bezerra,LUMINARIA FECHADA,POSTE CIRCULAR,LED,215,74,4.0633057726930275,-94.50904625311753,Alerta de lâmpada com defeito
276852622,2.0,Viaduto,VIADUTO ENG ROBERTO PEREIRA DE CARVALHO,J006124,-8.036628,-34.870672,Santo Amaro,PÉTALA,POSTE COMUM,LED,150,51,23.801775612247972,-53.329851740690245,Alerta de lâmpada com defeito
B 129,,BR,101,B 129,-8.0003403,-34.9388366,Guabiraba,LUMINARIA FECHADA,POSTE CIRCULAR METÁLICO,LED,186,64,117.89663212812239,84.21348770019124,Alerta de possível roubo de energia
B 29,,BR,101,B 29,-7.9889825,-34.9350153,Guabiraba,LUMINARIA FECHADA,POSTE CIRCULAR METÁLICO,LED,186,64,101.98145391648531,59.34602174450829,Alerta de possível roubo de energia
B 33,,BR,101,B 33,-7.9890834,-34.9348829,Guabiraba,LUMINARIA FECHADA,POSTE CIRCULAR METÁLICO,LED,186,64,27.847617532916573,-56.48809760481785,Alerta de lâmpada com defeito
